Record Length,2500,Points,-29.99999933E-3,99.999994040E-3,
Sample Interval,99.999997474E-6,s,-29.89999950E-3,79.999998212E-3,
Trigger Point,300.00000087,Samples,-29.79999967E-3,79.999998212E-3,
,,,-29.69999984E-3,119.9999973E-3,
,,,-29.60000001E-3,79.999998212E-3,
,,,-29.50000018E-3,39.99999911E-3,
Source,CH1,,-29.39999849E-3,19.9999996E-3,
Vertical Units,Volts,,-29.29999866E-3,99.999994040E-3,
Vertical Scale,499.999988824E-3,,-29.19999883E-3,99.999994040E-3,
Vertical Offset,0,,-29.09999900E-3,79.999998212E-3,
Horizontal Units,s,,-28.99999917E-3,79.999998212E-3,
Horizontal Scale,24.99999937E-3,,-28.89999934E-3,99.999994040E-3,
Pt Fmt,Y,,-28.79999951E-3,79.999998212E-3,
Yzero,-2.4400000,,-28.69999968E-3,79.999998212E-3,
Probe Atten,10.0000000,,-28.59999985E-3,59.999998659E-3,
,,,-28.50000001E-3,99.999994040E-3,
Note,TDS 2022B - 4:47:38 PM   12/4/2023,,-28.40000018E-3,39.99999911E-3,
,,,-28.29999849E-3,39.99999911E-3,
,,,-28.19999866E-3,39.99999911E-3,
,,,-28.09999883E-3,39.99999911E-3,
,,,-27.99999900E-3,39.99999911E-3,
,,,-27.89999917E-3,59.999998659E-3,
,,,-27.79999934E-3,79.999998212E-3,
,,,-27.69999951E-3,59.999998659E-3,
,,,-27.59999968E-3,79.999998212E-3,
,,,-27.49999985E-3,79.999998212E-3,
,,,-27.40000002E-3,140.0000006E-3,
,,,-27.30000019E-3,79.999998212E-3,
,,,-27.19999850E-3,59.999998659E-3,
,,,-27.09999867E-3,39.99999911E-3,
,,,-26.99999884E-3,59.999998659E-3,
,,,-26.89999901E-3,19.9999996E-3,
,,,-26.79999918E-3,59.999998659E-3,
,,,-26.69999935E-3,119.9999973E-3,
,,,-26.59999952E-3,140.0000006E-3,
,,,-26.49999969E-3,79.999998212E-3,
,,,-26.39999986E-3,39.99999911E-3,
,,,-26.30000003E-3,59.999998659E-3,
,,,-26.20000020E-3,39.99999911E-3,
,,,-26.09999850E-3,19.9999996E-3,
,,,-25.99999867E-3,119.9999973E-3,
,,,-25.89999884E-3,99.999994040E-3,
,,,-25.79999901E-3,99.999994040E-3,
,,,-25.69999918E-3,79.999998212E-3,
,,,-25.59999935E-3,119.9999973E-3,
,,,-25.49999952E-3,119.9999973E-3,
,,,-25.39999969E-3,99.999994040E-3,
,,,-25.29999986E-3,79.999998212E-3,
,,,-25.20000003E-3,59.999998659E-3,
,,,-25.10000020E-3,99.999994040E-3,
,,,-25.00000037E-3,39.99999911E-3,
,,,-24.89999868E-3,19.9999996E-3,
,,,-24.79999885E-3,79.999998212E-3,
,,,-24.69999902E-3,99.999994040E-3,
,,,-24.59999919E-3,140.0000006E-3,
,,,-24.49999936E-3,59.999998659E-3,
,,,-24.39999953E-3,99.999994040E-3,
,,,-24.29999970E-3,39.99999911E-3,
,,,-24.19999987E-3,19.9999996E-3,
,,,-24.10000004E-3,99.999994040E-3,
,,,-24.00000021E-3,79.999998212E-3,
,,,-23.90000038E-3,119.9999973E-3,
,,,-23.79999869E-3,59.999998659E-3,
,,,-23.69999886E-3,59.999998659E-3,
,,,-23.59999903E-3,119.9999973E-3,
,,,-23.49999920E-3,59.999998659E-3,
,,,-23.39999937E-3,79.999998212E-3,
,,,-23.29999954E-3,79.999998212E-3,
,,,-23.19999970E-3,79.999998212E-3,
,,,-23.09999987E-3,19.9999996E-3,
,,,-23.00000004E-3,0.0,
,,,-22.90000021E-3,140.0000006E-3,
,,,-22.80000038E-3,140.0000006E-3,
,,,-22.69999869E-3,79.999998212E-3,
,,,-22.59999886E-3,39.99999911E-3,
,,,-22.49999903E-3,79.999998212E-3,
,,,-22.39999920E-3,79.999998212E-3,
,,,-22.29999937E-3,19.9999996E-3,
,,,-22.19999954E-3,140.0000006E-3,
,,,-22.09999971E-3,119.9999973E-3,
,,,-21.99999988E-3,99.999994040E-3,
,,,-21.90000005E-3,59.999998659E-3,
,,,-21.80000022E-3,19.9999996E-3,
,,,-21.70000039E-3,79.999998212E-3,
,,,-21.59999870E-3,59.999998659E-3,
,,,-21.49999887E-3,79.999998212E-3,
,,,-21.39999904E-3,119.9999973E-3,
,,,-21.29999921E-3,119.9999973E-3,
,,,-21.19999938E-3,79.999998212E-3,
,,,-21.09999955E-3,99.999994040E-3,
,,,-20.99999972E-3,119.9999973E-3,
,,,-20.89999989E-3,99.999994040E-3,
,,,-20.80000006E-3,99.999994040E-3,
,,,-20.70000023E-3,19.9999996E-3,
,,,-20.60000040E-3,79.999998212E-3,
,,,-20.49999870E-3,79.999998212E-3,
,,,-20.39999887E-3,39.99999911E-3,
,,,-20.29999904E-3,99.999994040E-3,
,,,-20.19999921E-3,99.999994040E-3,
,,,-20.09999938E-3,79.999998212E-3,
,,,-19.9999996E-3,0.0,
,,,-19.8999997E-3,59.999998659E-3,
,,,-19.7999999E-3,140.0000006E-3,
,,,-19.7000001E-3,79.999998212E-3,
,,,-19.6000002E-3,59.999998659E-3,
,,,-19.5000004E-3,59.999998659E-3,
,,,-19.3999987E-3,99.999994040E-3,
,,,-19.2999989E-3,39.99999911E-3,
,,,-19.1999990E-3,19.9999996E-3,
,,,-19.0999992E-3,79.999998212E-3,
,,,-18.9999994E-3,99.999994040E-3,
,,,-18.8999996E-3,39.99999911E-3,
,,,-18.7999997E-3,0.0,
,,,-18.6999999E-3,79.999998212E-3,
,,,-18.6000001E-3,19.9999996E-3,
,,,-18.5000002E-3,39.99999911E-3,
,,,-18.4000004E-3,79.999998212E-3,
,,,-18.2999987E-3,119.9999973E-3,
,,,-18.1999989E-3,79.999998212E-3,
,,,-18.0999991E-3,59.999998659E-3,
,,,-17.9999992E-3,79.999998212E-3,
,,,-17.8999994E-3,79.999998212E-3,
,,,-17.7999996E-3,59.999998659E-3,
,,,-17.6999997E-3,99.999994040E-3,
,,,-17.5999999E-3,79.999998212E-3,
,,,-17.5000001E-3,79.999998212E-3,
,,,-17.4000002E-3,59.999998659E-3,
,,,-17.3000004E-3,39.99999911E-3,
,,,-17.2000006E-3,59.999998659E-3,
,,,-17.0999989E-3,99.999994040E-3,
,,,-16.9999991E-3,79.999998212E-3,
,,,-16.8999992E-3,39.99999911E-3,
,,,-16.7999994E-3,79.999998212E-3,
,,,-16.6999996E-3,39.99999911E-3,
,,,-16.5999997E-3,0.0,
,,,-16.4999999E-3,79.999998212E-3,
,,,-16.4000001E-3,99.999994040E-3,
,,,-16.3000003E-3,79.999998212E-3,
,,,-16.2000004E-3,59.999998659E-3,
,,,-16.1000006E-3,59.999998659E-3,
,,,-15.9999989E-3,79.999998212E-3,
,,,-15.8999991E-3,59.999998659E-3,
,,,-15.7999992E-3,59.999998659E-3,
,,,-15.6999994E-3,79.999998212E-3,
,,,-15.5999996E-3,79.999998212E-3,
,,,-15.4999997E-3,0.0,
,,,-15.3999999E-3,19.9999996E-3,
,,,-15.3000001E-3,79.999998212E-3,
,,,-15.1999993E-3,79.999998212E-3,
,,,-15.0999995E-3,119.9999973E-3,
,,,-14.9999997E-3,99.999994040E-3,
,,,-14.8999998E-3,79.999998212E-3,
,,,-14.8000000E-3,39.99999911E-3,
,,,-14.7000002E-3,39.99999911E-3,
,,,-14.5999994E-3,99.999994040E-3,
,,,-14.4999996E-3,79.999998212E-3,
,,,-14.3999998E-3,119.9999973E-3,
,,,-14.2999999E-3,79.999998212E-3,
,,,-14.2000001E-3,79.999998212E-3,
,,,-14.0999993E-3,79.999998212E-3,
,,,-13.9999995E-3,19.9999996E-3,
,,,-13.8999997E-3,99.999994040E-3,
,,,-13.7999998E-3,99.999994040E-3,
,,,-13.7000000E-3,119.9999973E-3,
,,,-13.6000002E-3,39.99999911E-3,
,,,-13.4999994E-3,39.99999911E-3,
,,,-13.3999996E-3,159.99999642E-3,
,,,-13.2999998E-3,119.9999973E-3,
,,,-13.1999999E-3,159.99999642E-3,
,,,-13.1000001E-3,79.999998212E-3,
,,,-12.9999993E-3,99.999994040E-3,
,,,-12.8999995E-3,39.99999911E-3,
,,,-12.7999997E-3,59.999998659E-3,
,,,-12.6999998E-3,119.9999973E-3,
,,,-12.6000000E-3,119.9999973E-3,
,,,-12.5000002E-3,99.999994040E-3,
,,,-12.3999994E-3,0.0,
,,,-12.2999996E-3,59.999998659E-3,
,,,-12.1999998E-3,79.999998212E-3,
,,,-12.0999999E-3,0.0,
,,,-12.0000001E-3,79.999998212E-3,
,,,-11.8999993E-3,79.999998212E-3,
,,,-11.7999995E-3,159.99999642E-3,
,,,-11.6999997E-3,0.0,
,,,-11.5999999E-3,39.99999911E-3,
,,,-11.5000000E-3,99.999994040E-3,
,,,-11.4000002E-3,59.999998659E-3,
,,,-11.2999994E-3,79.999998212E-3,
,,,-11.1999996E-3,39.99999911E-3,
,,,-11.0999998E-3,99.999994040E-3,
,,,-10.9999999E-3,39.99999911E-3,
,,,-10.9000001E-3,0.0,
,,,-10.8000003E-3,79.999998212E-3,
,,,-10.6999995E-3,79.999998212E-3,
,,,-10.5999997E-3,79.999998212E-3,
,,,-10.4999999E-3,19.9999996E-3,
,,,-10.4000000E-3,79.999998212E-3,
,,,-10.3000002E-3,59.999998659E-3,
,,,-10.1999994E-3,39.99999911E-3,
,,,-10.0999996E-3,79.999998212E-3,
,,,-9.999999776E-3,99.999994040E-3,
,,,-9.899999946E-3,99.999994040E-3,
,,,-9.800000116E-3,39.99999911E-3,
,,,-9.700000286E-3,79.999998212E-3,
,,,-9.599999525E-3,119.9999973E-3,
,,,-9.499999695E-3,79.999998212E-3,
,,,-9.399999864E-3,39.99999911E-3,
,,,-9.300000034E-3,59.999998659E-3,
,,,-9.200000204E-3,119.9999973E-3,
,,,-9.099999443E-3,79.999998212E-3,
,,,-8.999999613E-3,59.999998659E-3,
,,,-8.899999782E-3,79.999998212E-3,
,,,-8.799999952E-3,159.99999642E-3,
,,,-8.700000122E-3,99.999994040E-3,
,,,-8.600000292E-3,59.999998659E-3,
,,,-8.499999531E-3,99.999994040E-3,
,,,-8.399999700E-3,39.99999911E-3,
,,,-8.299999870E-3,59.999998659E-3,
,,,-8.200000040E-3,79.999998212E-3,
,,,-8.100000210E-3,140.0000006E-3,
,,,-7.999999449E-3,99.999994040E-3,
,,,-7.899999619E-3,59.999998659E-3,
,,,-7.799999788E-3,79.999998212E-3,
,,,-7.699999958E-3,59.999998659E-3,
,,,-7.600000128E-3,39.99999911E-3,
,,,-7.499999832E-3,59.999998659E-3,
,,,-7.400000002E-3,59.999998659E-3,
,,,-7.29999971E-3,59.999998659E-3,
,,,-7.19999988E-3,79.999998212E-3,
,,,-7.10000005E-3,39.99999911E-3,
,,,-6.99999975E-3,119.9999973E-3,
,,,-6.89999992E-3,79.999998212E-3,
,,,-6.80000009E-3,79.999998212E-3,
,,,-6.69999979E-3,39.99999911E-3,
,,,-6.59999996E-3,79.999998212E-3,
,,,-6.50000013E-3,59.999998659E-3,
,,,-6.39999984E-3,79.999998212E-3,
,,,-6.30000001E-3,99.999994040E-3,
,,,-6.19999971E-3,99.999994040E-3,
,,,-6.09999988E-3,99.999994040E-3,
,,,-6.00000005E-3,79.999998212E-3,
,,,-5.89999976E-3,79.999998212E-3,
,,,-5.79999993E-3,99.999994040E-3,
,,,-5.70000010E-3,79.999998212E-3,
,,,-5.59999980E-3,119.9999973E-3,
,,,-5.49999997E-3,99.999994040E-3,
,,,-5.40000014E-3,159.99999642E-3,
,,,-5.29999984E-3,-19.9999996E-3,
,,,-5.20000001E-3,79.999998212E-3,
,,,-5.10000018E-3,99.999994040E-3,
,,,-4.99999989E-3,59.999998659E-3,
,,,-4.90000006E-3,99.999994040E-3,
,,,-4.79999976E-3,79.999998212E-3,
,,,-4.69999993E-3,119.9999973E-3,
,,,-4.60000010E-3,19.9999996E-3,
,,,-4.49999981E-3,79.999998212E-3,
,,,-4.39999998E-3,79.999998212E-3,
,,,-4.30000015E-3,119.9999973E-3,
,,,-4.19999985E-3,79.999998212E-3,
,,,-4.10000002E-3,79.999998212E-3,
,,,-4.00000019E-3,79.999998212E-3,
,,,-3.89999989E-3,39.99999911E-3,
,,,-3.80000006E-3,39.99999911E-3,
,,,-3.70000000E-3,119.9999973E-3,
,,,-3.59999994E-3,140.0000006E-3,
,,,-3.50000011E-3,79.999998212E-3,
,,,-3.40000005E-3,59.999998659E-3,
,,,-3.29999998E-3,59.999998659E-3,
,,,-3.19999992E-3,159.99999642E-3,
,,,-3.10000009E-3,79.999998212E-3,
,,,-3.00000003E-3,119.9999973E-3,
,,,-2.89999996E-3,59.999998659E-3,
,,,-2.79999990E-3,99.999994040E-3,
,,,-2.7000001E-3,39.99999911E-3,
,,,-2.6000000E-3,0.0,
,,,-2.4999999E-3,79.999998212E-3,
,,,-2.4000001E-3,99.999994040E-3,
,,,-2.3000001E-3,219.99999881E-3,
,,,-2.2000000E-3,159.99999642E-3,
,,,-2.0999999E-3,159.99999642E-3,
,,,-2.0000001E-3,140.0000006E-3,
,,,-1.9000000E-3,159.99999642E-3,
,,,-1.8000001E-3,159.99999642E-3,
,,,-1.7000000E-3,99.999994040E-3,
,,,-1.6000001E-3,159.99999642E-3,
,,,-1.5000000E-3,59.999998659E-3,
,,,-1.4000001E-3,119.9999973E-3,
,,,-1.3000000E-3,159.99999642E-3,
,,,-1.2000001E-3,119.9999973E-3,
,,,-1.1000001E-3,140.0000006E-3,
,,,-1.0000000E-3,179.99999225E-3,
,,,-900.000042748E-6,119.9999973E-3,
,,,-800.000037998E-6,99.999994040E-3,
,,,-700.000091456E-6,119.9999973E-3,
,,,-600.000086706E-6,159.99999642E-3,
,,,-500.000081956E-6,140.0000006E-3,
,,,-400.00007721E-6,159.99999642E-3,
,,,-300.00007246E-6,280.00000119E-3,
,,,-200.00008226E-6,199.99998808E-3,
,,,-100.0000848E-6,140.0000006E-3,
,,,-87.311491013E-12,199.99998808E-3,
,,,99.999910162E-6,239.99999464E-3,
,,,199.99990764E-6,219.99999881E-3,
,,,299.99989783E-6,179.99999225E-3,
,,,399.99990258E-6,259.99999046E-3,
,,,499.999907333E-6,159.99999642E-3,
,,,599.999912083E-6,219.99999881E-3,
,,,699.999916833E-6,280.00000119E-3,
,,,799.999921583E-6,179.99999225E-3,
,,,899.999868125E-6,199.99998808E-3,
,,,999.999931082E-6,199.99998808E-3,
,,,1.0999999E-3,199.99998808E-3,
,,,1.1999998E-3,140.0000006E-3,
,,,1.2999999E-3,219.99999881E-3,
,,,1.3999998E-3,219.99999881E-3,
,,,1.4999999E-3,199.99998808E-3,
,,,1.5999998E-3,259.99999046E-3,
,,,1.6999999E-3,319.99999285E-3,
,,,1.7999999E-3,259.99999046E-3,
,,,1.8999999E-3,299.99998212E-3,
,,,1.9999999E-3,359.99998450E-3,
,,,2.0999999E-3,319.99999285E-3,
,,,2.1999998E-3,359.99998450E-3,
,,,2.2999998E-3,399.99997616E-3,
,,,2.3999999E-3,340.00000358E-3,
,,,2.4999999E-3,280.00000119E-3,
,,,2.5999998E-3,299.99998212E-3,
,,,2.6999998E-3,399.99997616E-3,
,,,2.79999990E-3,280.00000119E-3,
,,,2.89999973E-3,340.00000358E-3,
,,,2.99999979E-3,319.99999285E-3,
,,,3.09999986E-3,359.99998450E-3,
,,,3.19999992E-3,379.99999523E-3,
,,,3.29999975E-3,340.00000358E-3,
,,,3.39999981E-3,379.99999523E-3,
,,,3.49999988E-3,299.99998212E-3,
,,,3.59999994E-3,319.99999285E-3,
,,,3.69999977E-3,319.99999285E-3,
,,,3.79999983E-3,439.999997616E-3,
,,,3.89999989E-3,459.999978542E-3,
,,,3.99999972E-3,439.999997616E-3,
,,,4.10000002E-3,500.000000000E-3,
,,,4.19999985E-3,479.999989271E-3,
,,,4.29999968E-3,479.999989271E-3,
,,,4.39999998E-3,280.00000119E-3,
,,,4.49999981E-3,419.999986887E-3,
,,,4.59999964E-3,479.999989271E-3,
,,,4.69999993E-3,399.99997616E-3,
,,,4.79999976E-3,439.999997616E-3,
,,,4.89999959E-3,439.999997616E-3,
,,,4.99999989E-3,419.999986887E-3,
,,,5.09999972E-3,500.000000000E-3,
,,,5.19999955E-3,439.999997616E-3,
,,,5.29999984E-3,439.999997616E-3,
,,,5.39999967E-3,340.00000358E-3,
,,,5.49999997E-3,419.999986887E-3,
,,,5.59999980E-3,359.99998450E-3,
,,,5.69999963E-3,479.999989271E-3,
,,,5.79999993E-3,560.000002384E-3,
,,,5.89999976E-3,599.999964237E-3,
,,,5.99999959E-3,519.999980927E-3,
,,,6.09999988E-3,500.000000000E-3,
,,,6.19999971E-3,500.000000000E-3,
,,,6.29999954E-3,459.999978542E-3,
,,,6.39999984E-3,479.999989271E-3,
,,,6.49999967E-3,539.999961853E-3,
,,,6.59999996E-3,519.999980927E-3,
,,,6.69999979E-3,560.000002384E-3,
,,,6.79999962E-3,579.999983311E-3,
,,,6.89999992E-3,479.999989271E-3,
,,,6.99999975E-3,560.000002384E-3,
,,,7.09999958E-3,519.999980927E-3,
,,,7.19999988E-3,560.000002384E-3,
,,,7.29999971E-3,500.000000000E-3,
,,,7.399999537E-3,519.999980927E-3,
,,,7.499999832E-3,439.999997616E-3,
,,,7.599999662E-3,479.999989271E-3,
,,,7.699999493E-3,699.999988079E-3,
,,,7.799999788E-3,620.000004768E-3,
,,,7.899999619E-3,639.999985695E-3,
,,,7.999999449E-3,560.000002384E-3,
,,,8.099999279E-3,599.999964237E-3,
,,,8.200000040E-3,579.999983311E-3,
,,,8.299999870E-3,519.999980927E-3,
,,,8.399999700E-3,680.000007153E-3,
,,,8.499999531E-3,680.000007153E-3,
,,,8.599999361E-3,680.000007153E-3,
,,,8.700000122E-3,659.999966621E-3,
,,,8.799999952E-3,560.000002384E-3,
,,,8.899999782E-3,719.999969006E-3,
,,,8.999999613E-3,579.999983311E-3,
,,,9.099999443E-3,699.999988079E-3,
,,,9.199999273E-3,560.000002384E-3,
,,,9.300000034E-3,599.999964237E-3,
,,,9.399999864E-3,639.999985695E-3,
,,,9.499999695E-3,639.999985695E-3,
,,,9.599999525E-3,639.999985695E-3,
,,,9.699999355E-3,740.000009537E-3,
,,,9.800000116E-3,839.999973774E-3,
,,,9.899999946E-3,740.000009537E-3,
,,,9.999999776E-3,740.000009537E-3,
,,,10.0999996E-3,680.000007153E-3,
,,,10.1999994E-3,759.999990463E-3,
,,,10.2999993E-3,819.999992847E-3,
,,,10.4000000E-3,779.999971390E-3,
,,,10.4999999E-3,740.000009537E-3,
,,,10.5999997E-3,779.999971390E-3,
,,,10.6999995E-3,719.999969006E-3,
,,,10.7999993E-3,759.999990463E-3,
,,,10.8999992E-3,699.999988079E-3,
,,,10.9999999E-3,819.999992847E-3,
,,,11.0999998E-3,740.000009537E-3,
,,,11.1999996E-3,799.999952316E-3,
,,,11.2999994E-3,779.999971390E-3,
,,,11.3999993E-3,740.000009537E-3,
,,,11.5000000E-3,759.999990463E-3,
,,,11.5999999E-3,699.999988079E-3,
,,,11.6999997E-3,879.999995232E-3,
,,,11.7999995E-3,759.999990463E-3,
,,,11.8999993E-3,859.999954700E-3,
,,,11.9999992E-3,799.999952316E-3,
,,,12.0999999E-3,899.999976158E-3,
,,,12.1999998E-3,859.999954700E-3,
,,,12.2999996E-3,859.999954700E-3,
,,,12.3999994E-3,919.999957085E-3,
,,,12.4999993E-3,859.999954700E-3,
,,,12.6000000E-3,799.999952316E-3,
,,,12.6999998E-3,779.999971390E-3,
,,,12.7999997E-3,819.999992847E-3,
,,,12.8999995E-3,879.999995232E-3,
,,,12.9999993E-3,839.999973774E-3,
,,,13.0999992E-3,879.999995232E-3,
,,,13.1999999E-3,919.999957085E-3,
,,,13.2999998E-3,879.999995232E-3,
,,,13.3999996E-3,879.999995232E-3,
,,,13.4999994E-3,779.999971390E-3,
,,,13.5999992E-3,879.999995232E-3,
,,,13.7000000E-3,899.999976158E-3,
,,,13.7999998E-3,959.999978542E-3,
,,,13.8999997E-3,879.999995232E-3,
,,,13.9999995E-3,959.999978542E-3,
,,,14.0999993E-3,959.999978542E-3,
,,,14.1999992E-3,899.999976158E-3,
,,,14.2999999E-3,919.999957085E-3,
,,,14.3999998E-3,939.999997616E-3,
,,,14.4999996E-3,959.999978542E-3,
,,,14.5999994E-3,819.999992847E-3,
,,,14.6999992E-3,1.0400000,
,,,14.7999991E-3,899.999976158E-3,
,,,14.8999998E-3,959.999978542E-3,
,,,14.9999997E-3,1.000000,
,,,15.0999995E-3,1.000000,
,,,15.1999993E-3,899.999976158E-3,
,,,15.2999992E-3,959.999978542E-3,
,,,15.3999999E-3,919.999957085E-3,
,,,15.4999997E-3,1.0200000,
,,,15.5999996E-3,879.999995232E-3,
,,,15.6999994E-3,1.0400000,
,,,15.7999992E-3,979.999959469E-3,
,,,15.8999991E-3,1.0200000,
,,,15.9999989E-3,1.0200000,
,,,16.0999987E-3,1.0200000,
,,,16.2000004E-3,1.0599999,
,,,16.3000003E-3,1.0200000,
,,,16.4000001E-3,1.000000,
,,,16.4999999E-3,899.999976158E-3,
,,,16.5999997E-3,979.999959469E-3,
,,,16.6999996E-3,1.0200000,
,,,16.7999994E-3,1.0400000,
,,,16.8999992E-3,1.0200000,
,,,16.9999991E-3,1.0400000,
,,,17.0999989E-3,1.000000,
,,,17.1999987E-3,1.1000000,
,,,17.2999986E-3,1.000000,
,,,17.4000002E-3,1.0200000,
,,,17.5000001E-3,1.0400000,
,,,17.5999999E-3,1.0799999,
,,,17.6999997E-3,1.1999999,
,,,17.7999996E-3,1.1000000,
,,,17.8999994E-3,1.2200000,
,,,17.9999992E-3,1.1200000,
,,,18.0999991E-3,1.1799999,
,,,18.1999989E-3,1.0799999,
,,,18.2999987E-3,1.1799999,
,,,18.3999985E-3,1.0200000,
,,,18.5000002E-3,1.1400000,
,,,18.6000001E-3,1.1400000,
,,,18.6999999E-3,1.1400000,
,,,18.7999997E-3,1.1799999,
,,,18.8999996E-3,1.2200000,
,,,18.9999994E-3,1.1000000,
,,,19.0999992E-3,1.2400000,
,,,19.1999990E-3,1.1000000,
,,,19.2999989E-3,1.2400000,
,,,19.3999987E-3,1.1400000,
,,,19.4999985E-3,1.1999999,
,,,19.6000002E-3,1.1999999,
,,,19.7000001E-3,1.1400000,
,,,19.7999999E-3,1.2400000,
,,,19.8999997E-3,1.1999999,
,,,19.9999996E-3,1.1999999,
,,,20.09999938E-3,1.1000000,
,,,20.19999921E-3,1.1999999,
,,,20.29999904E-3,1.1200000,
,,,20.39999887E-3,1.1600000,
,,,20.49999870E-3,1.2400000,
,,,20.59999853E-3,1.1600000,
,,,20.70000023E-3,1.2200000,
,,,20.80000006E-3,1.1600000,
,,,20.89999989E-3,1.1600000,
,,,20.99999972E-3,1.1799999,
,,,21.09999955E-3,1.1799999,
,,,21.19999938E-3,1.2600000,
,,,21.29999921E-3,1.1400000,
,,,21.39999904E-3,1.2200000,
,,,21.49999887E-3,1.2600000,
,,,21.59999870E-3,1.1999999,
,,,21.69999853E-3,1.3199999,
,,,21.80000022E-3,1.2400000,
,,,21.90000005E-3,1.3600000,
,,,21.99999988E-3,1.2600000,
,,,22.09999971E-3,1.3199999,
,,,22.19999954E-3,1.2600000,
,,,22.29999937E-3,1.3600000,
,,,22.39999920E-3,1.3399999,
,,,22.49999903E-3,1.2600000,
,,,22.59999886E-3,1.3199999,
,,,22.69999869E-3,1.2200000,
,,,22.79999852E-3,1.3600000,
,,,22.90000021E-3,1.2200000,
,,,23.00000004E-3,1.3199999,
,,,23.09999987E-3,1.3199999,
,,,23.19999970E-3,1.3000000,
,,,23.29999954E-3,1.3399999,
,,,23.39999937E-3,1.3199999,
,,,23.49999920E-3,1.3000000,
,,,23.59999903E-3,1.3199999,
,,,23.69999886E-3,1.4000000,
,,,23.79999869E-3,1.4200000,
,,,23.89999852E-3,1.3600000,
,,,24.00000021E-3,1.4000000,
,,,24.10000004E-3,1.3800000,
,,,24.19999987E-3,1.3800000,
,,,24.29999970E-3,1.4200000,
,,,24.39999953E-3,1.3600000,
,,,24.49999936E-3,1.4399999,
,,,24.59999919E-3,1.3399999,
,,,24.69999902E-3,1.3800000,
,,,24.79999885E-3,1.2600000,
,,,24.89999868E-3,1.4000000,
,,,24.99999851E-3,1.4200000,
,,,25.10000020E-3,1.4399999,
,,,25.20000003E-3,1.4000000,
,,,25.29999986E-3,1.4399999,
,,,25.39999969E-3,1.4200000,
,,,25.49999952E-3,1.4200000,
,,,25.59999935E-3,1.4000000,
,,,25.69999918E-3,1.5400000,
,,,25.79999901E-3,1.4800000,
,,,25.89999884E-3,1.5000000,
,,,25.99999867E-3,1.4800000,
,,,26.09999850E-3,1.4399999,
,,,26.19999833E-3,1.5000000,
,,,26.30000003E-3,1.4200000,
,,,26.39999986E-3,1.5000000,
,,,26.49999969E-3,1.4399999,
,,,26.59999952E-3,1.5000000,
,,,26.69999935E-3,1.3399999,
,,,26.79999918E-3,1.4399999,
,,,26.89999901E-3,1.5000000,
,,,26.99999884E-3,1.4800000,
,,,27.09999867E-3,1.4800000,
,,,27.19999850E-3,1.4599999,
,,,27.29999833E-3,1.4200000,
,,,27.40000002E-3,1.5400000,
,,,27.49999985E-3,1.4200000,
,,,27.59999968E-3,1.5200000,
,,,27.69999951E-3,1.5400000,
,,,27.79999934E-3,1.5999999,
,,,27.89999917E-3,1.6400000,
,,,27.99999900E-3,1.4599999,
,,,28.09999883E-3,1.5999999,
,,,28.19999866E-3,1.5000000,
,,,28.29999849E-3,1.5599999,
,,,28.39999832E-3,1.4800000,
,,,28.50000001E-3,1.5400000,
,,,28.59999985E-3,1.4599999,
,,,28.69999968E-3,1.4800000,
,,,28.79999951E-3,1.5799999,
,,,28.89999934E-3,1.4800000,
,,,28.99999917E-3,1.5599999,
,,,29.09999900E-3,1.5200000,
,,,29.19999883E-3,1.5400000,
,,,29.29999866E-3,1.4800000,
,,,29.39999849E-3,1.5000000,
,,,29.49999832E-3,1.5999999,
,,,29.60000001E-3,1.5000000,
,,,29.69999984E-3,1.5999999,
,,,29.79999967E-3,1.6600000,
,,,29.89999950E-3,1.5999999,
,,,29.99999933E-3,1.6600000,
,,,30.09999916E-3,1.5599999,
,,,30.19999899E-3,1.6600000,
,,,30.29999882E-3,1.5799999,
,,,30.39999865E-3,1.6200000,
,,,30.49999848E-3,1.5200000,
,,,30.59999831E-3,1.5999999,
,,,30.70000000E-3,1.5999999,
,,,30.79999983E-3,1.5999999,
,,,30.89999966E-3,1.6400000,
,,,30.99999949E-3,1.5599999,
,,,31.09999932E-3,1.6200000,
,,,31.19999915E-3,1.4399999,
,,,31.30000085E-3,1.6600000,
,,,31.39999881E-3,1.6600000,
,,,31.50000051E-3,1.6200000,
,,,31.59999847E-3,1.5999999,
,,,31.70000017E-3,1.7199999,
,,,31.79999813E-3,1.5999999,
,,,31.89999983E-3,1.7199999,
,,,31.99999779E-3,1.6999999,
,,,32.09999949E-3,1.6999999,
,,,32.19999745E-3,1.6799999,
,,,32.29999915E-3,1.6799999,
,,,32.40000084E-3,1.6600000,
,,,32.49999881E-3,1.6600000,
,,,32.60000050E-3,1.6799999,
,,,32.69999847E-3,1.6400000,
,,,32.80000016E-3,1.6799999,
,,,32.89999813E-3,1.6799999,
,,,32.99999982E-3,1.6799999,
,,,33.09999779E-3,1.5400000,
,,,33.19999948E-3,1.6799999,
,,,33.29999745E-3,1.6999999,
,,,33.39999914E-3,1.6799999,
,,,33.50000083E-3,1.6200000,
,,,33.59999880E-3,1.6999999,
,,,33.70000049E-3,1.6799999,
,,,33.79999846E-3,1.8199999,
,,,33.90000015E-3,1.6799999,
,,,33.99999812E-3,1.7600000,
,,,34.09999982E-3,1.7400000,
,,,34.19999778E-3,1.7199999,
,,,34.29999948E-3,1.8000000,
,,,34.39999744E-3,1.7199999,
,,,34.49999914E-3,1.8399999,
,,,34.60000083E-3,1.7400000,
,,,34.69999880E-3,1.7800000,
,,,34.80000049E-3,1.7199999,
,,,34.89999846E-3,1.7600000,
,,,35.00000015E-3,1.6200000,
,,,35.09999812E-3,1.6799999,
,,,35.19999981E-3,1.7600000,
,,,35.29999778E-3,1.7600000,
,,,35.39999947E-3,1.7199999,
,,,35.49999744E-3,1.7400000,
,,,35.59999913E-3,1.7600000,
,,,35.70000082E-3,1.7800000,
,,,35.79999879E-3,1.7400000,
,,,35.90000048E-3,1.8000000,
,,,35.99999845E-3,1.7800000,
,,,36.10000014E-3,1.8199999,
,,,36.19999811E-3,1.7800000,
,,,36.29999980E-3,1.7800000,
,,,36.39999777E-3,1.8000000,
,,,36.49999946E-3,1.7400000,
,,,36.59999743E-3,1.8399999,
,,,36.69999912E-3,1.7199999,
,,,36.80000082E-3,1.8000000,
,,,36.89999878E-3,1.6600000,
,,,37.00000048E-3,1.7600000,
,,,37.09999844E-3,1.7800000,
,,,37.20000014E-3,1.7800000,
,,,37.29999810E-3,1.7800000,
,,,37.39999980E-3,1.7199999,
,,,37.49999776E-3,1.7199999,
,,,37.59999946E-3,1.8000000,
,,,37.69999743E-3,1.8199999,
,,,37.79999912E-3,1.8600000,
,,,37.90000081E-3,1.8600000,
,,,37.99999878E-3,1.8399999,
,,,38.10000047E-3,1.9000000,
,,,38.19999844E-3,1.8800000,
,,,38.30000013E-3,1.9000000,
,,,38.39999810E-3,1.8199999,
,,,38.49999979E-3,1.8600000,
,,,38.59999776E-3,1.7800000,
,,,38.69999945E-3,1.8000000,
,,,38.79999742E-3,1.7800000,
,,,38.89999911E-3,1.8000000,
,,,38.99999708E-3,1.9000000,
,,,39.09999877E-3,1.8399999,
,,,39.20000046E-3,1.8399999,
,,,39.29999843E-3,1.7800000,
,,,39.40000013E-3,1.8399999,
,,,39.49999809E-3,1.7800000,
,,,39.59999979E-3,1.8199999,
,,,39.69999775E-3,1.9399999,
,,,39.79999945E-3,1.8399999,
,,,39.89999741E-3,1.9000000,
,,,39.99999911E-3,1.9200000,
,,,40.09999707E-3,1.8199999,
,,,40.19999877E-3,1.9399999,
,,,40.30000046E-3,1.8199999,
,,,40.39999843E-3,1.9399999,
,,,40.50000012E-3,1.8399999,
,,,40.59999809E-3,1.8800000,
,,,40.69999978E-3,1.8800000,
,,,40.79999775E-3,1.9000000,
,,,40.89999944E-3,1.9000000,
,,,40.99999741E-3,1.8399999,
,,,41.09999910E-3,1.9000000,
,,,41.19999707E-3,1.8199999,
,,,41.29999876E-3,1.8600000,
,,,41.40000045E-3,1.7400000,
,,,41.49999842E-3,1.9000000,
,,,41.60000011E-3,1.9200000,
,,,41.69999808E-3,1.8800000,
,,,41.79999977E-3,1.9399999,
,,,41.89999774E-3,1.9000000,
,,,41.99999943E-3,1.9399999,
,,,42.09999740E-3,2.0200000,
,,,42.19999909E-3,1.9200000,
,,,42.29999706E-3,1.9200000,
,,,42.39999875E-3,1.9000000,
,,,42.50000045E-3,1.9200000,
,,,42.59999841E-3,1.9000000,
,,,42.70000011E-3,1.9000000,
,,,42.79999807E-3,1.9399999,
,,,42.89999977E-3,1.9000000,
,,,42.99999774E-3,1.9399999,
,,,43.09999943E-3,1.8800000,
,,,43.19999740E-3,1.9399999,
,,,43.29999909E-3,1.8000000,
,,,43.39999706E-3,1.9000000,
,,,43.49999875E-3,1.9599999,
,,,43.60000044E-3,1.8600000,
,,,43.69999841E-3,1.9599999,
,,,43.80000010E-3,1.9799999,
,,,43.89999807E-3,1.9200000,
,,,43.99999976E-3,2.0599999,
,,,44.09999773E-3,1.9399999,
,,,44.19999942E-3,2.0799999,
,,,44.29999739E-3,1.9599999,
,,,44.39999908E-3,1.9799999,
,,,44.49999705E-3,2.0000000,
,,,44.59999874E-3,1.9399999,
,,,44.70000044E-3,1.9799999,
,,,44.79999840E-3,1.9000000,
,,,44.90000010E-3,2.0200000,
,,,44.99999806E-3,1.8800000,
,,,45.09999976E-3,1.9599999,
,,,45.19999772E-3,1.8199999,
,,,45.29999942E-3,2.0000000,
,,,45.39999738E-3,2.0200000,
,,,45.49999908E-3,1.9599999,
,,,45.59999704E-3,2.0000000,
,,,45.69999874E-3,1.9599999,
,,,45.80000043E-3,1.9799999,
,,,45.89999840E-3,2.1199999,
,,,46.00000009E-3,2.0200000,
,,,46.09999806E-3,2.0200000,
,,,46.19999975E-3,2.0000000,
,,,46.29999772E-3,2.0599999,
,,,46.39999941E-3,2.0400000,
,,,46.49999738E-3,1.9799999,
,,,46.59999907E-3,2.0200000,
,,,46.69999704E-3,2.0000000,
,,,46.79999873E-3,2.0599999,
,,,46.90000042E-3,1.9799999,
,,,46.99999839E-3,2.0400000,
,,,47.10000008E-3,1.9399999,
,,,47.19999805E-3,1.9599999,
,,,47.29999974E-3,2.0799999,
,,,47.39999771E-3,2.0000000,
,,,47.49999940E-3,2.0400000,
,,,47.59999737E-3,1.9799999,
,,,47.69999906E-3,2.0200000,
,,,47.79999703E-3,1.9599999,
,,,47.89999872E-3,1.9799999,
,,,48.00000042E-3,2.0799999,
,,,48.09999838E-3,2.0200000,
,,,48.20000008E-3,2.0599999,
,,,48.29999804E-3,2.0400000,
,,,48.39999974E-3,1.9599999,
,,,48.49999771E-3,2.0999999,
,,,48.59999940E-3,2.0200000,
,,,48.69999737E-3,2.0799999,
,,,48.79999906E-3,1.9599999,
,,,48.89999703E-3,2.0400000,
,,,48.99999872E-3,2.0000000,
,,,49.10000041E-3,1.9799999,
,,,49.19999838E-3,2.0999999,
,,,49.30000007E-3,2.0200000,
,,,49.39999804E-3,2.0400000,
,,,49.49999973E-3,1.9599999,
,,,49.59999770E-3,2.0400000,
,,,49.69999939E-3,1.9000000,
,,,49.79999736E-3,2.0400000,
,,,49.89999905E-3,2.0799999,
,,,49.99999702E-3,2.0400000,
,,,50.09999871E-3,2.0599999,
,,,50.20000041E-3,2.1199999,
,,,50.29999837E-3,2.0400000,
,,,50.40000007E-3,2.0999999,
,,,50.49999803E-3,2.0999999,
,,,50.59999973E-3,2.1199999,
,,,50.69999769E-3,2.0799999,
,,,50.79999939E-3,2.0400000,
,,,50.89999735E-3,2.0999999,
,,,50.99999905E-3,1.9599999,
,,,51.09999701E-3,2.1199999,
,,,51.19999871E-3,2.0400000,
,,,51.30000040E-3,2.0799999,
,,,51.39999837E-3,2.0400000,
,,,51.50000006E-3,2.0599999,
,,,51.59999803E-3,1.9200000,
,,,51.69999972E-3,2.0400000,
,,,51.79999769E-3,2.1399999,
,,,51.89999938E-3,2.0799999,
,,,51.99999735E-3,2.0799999,
,,,52.09999904E-3,2.1399999,
,,,52.19999701E-3,2.0799999,
,,,52.29999870E-3,2.2000000,
,,,52.40000039E-3,2.0799999,
,,,52.49999836E-3,2.1399999,
,,,52.60000005E-3,2.0599999,
,,,52.69999802E-3,2.0799999,
,,,52.79999971E-3,2.1399999,
,,,52.89999768E-3,2.1199999,
,,,52.99999937E-3,2.1199999,
,,,53.09999734E-3,2.0799999,
,,,53.19999903E-3,2.1599998,
,,,53.29999700E-3,2.0599999,
,,,53.39999869E-3,2.1199999,
,,,53.50000039E-3,1.9599999,
,,,53.59999835E-3,2.1399999,
,,,53.70000005E-3,2.1599998,
,,,53.79999802E-3,2.1599998,
,,,53.89999971E-3,2.1199999,
,,,53.99999768E-3,2.1399999,
,,,54.09999937E-3,2.1399999,
,,,54.19999734E-3,2.1399999,
,,,54.29999903E-3,2.0400000,
,,,54.39999700E-3,2.1800001,
,,,54.49999869E-3,2.1199999,
,,,54.600000381E-3,2.1199999,
,,,54.699998349E-3,2.2000000,
,,,54.800000042E-3,2.0799999,
,,,54.899998009E-3,2.1800001,
,,,54.999999702E-3,2.0599999,
,,,55.099997669E-3,2.2200000,
,,,55.199999362E-3,2.1399999,
,,,55.299997330E-3,2.1399999,
,,,55.399999022E-3,2.0599999,
,,,55.499996990E-3,2.0999999,
,,,55.599998683E-3,2.1399999,
,,,55.699996650E-3,2.0999999,
,,,55.799998343E-3,2.1800001,
,,,55.900000036E-3,2.0999999,
,,,55.999998003E-3,2.1399999,
,,,56.099999696E-3,2.0999999,
,,,56.199997663E-3,2.1399999,
,,,56.299999356E-3,2.2200000,
,,,56.399997324E-3,2.0999999,
,,,56.499999017E-3,2.2200000,
,,,56.599996984E-3,2.1399999,
,,,56.699998677E-3,2.1800001,
,,,56.799996644E-3,2.1599998,
,,,56.899998337E-3,2.1599998,
,,,57.000000030E-3,2.2000000,
,,,57.099997997E-3,2.1199999,
,,,57.199999690E-3,2.1800001,
,,,57.299997658E-3,2.0999999,
,,,57.399999350E-3,2.1399999,
,,,57.499997318E-3,2.2000000,
,,,57.599999011E-3,2.1800001,
,,,57.699996978E-3,2.2000000,
,,,57.799998671E-3,2.1800001,
,,,57.899996638E-3,2.1199999,
,,,57.999998331E-3,2.1599998,
,,,58.100000024E-3,2.1399999,
,,,58.199997991E-3,2.2400000,
,,,58.299999684E-3,2.2000000,
,,,58.399997652E-3,2.2600000,
,,,58.499999344E-3,2.2200000,
,,,58.599997312E-3,2.1399999,
,,,58.699999005E-3,2.2600000,
,,,58.799996972E-3,2.1399999,
,,,58.899998665E-3,2.2200000,
,,,58.999996632E-3,2.1599998,
,,,59.099998325E-3,2.1800001,
,,,59.200000018E-3,2.1800001,
,,,59.299997985E-3,2.1800001,
,,,59.399999678E-3,2.2000000,
,,,59.499997646E-3,2.1399999,
,,,59.599999338E-3,2.2000000,
,,,59.699997306E-3,2.1199999,
,,,59.799998999E-3,2.1800001,
,,,59.899996966E-3,2.1199999,
,,,59.999998659E-3,2.2400000,
,,,60.099996626E-3,2.3000000,
,,,60.199998319E-3,2.2000000,
,,,60.300000012E-3,2.2000000,
,,,60.399997979E-3,2.2200000,
,,,60.499999672E-3,2.1199999,
,,,60.599997640E-3,2.2600000,
,,,60.699999332E-3,2.2000000,
,,,60.799997300E-3,2.2000000,
,,,60.899998993E-3,2.2200000,
,,,60.999996960E-3,2.1599998,
,,,61.099998653E-3,2.2200000,
,,,61.199996620E-3,2.1399999,
,,,61.299998313E-3,2.2600000,
,,,61.400000006E-3,2.1800001,
,,,61.499997973E-3,2.2400000,
,,,61.599999666E-3,2.1399999,
,,,61.699997634E-3,2.2400000,
,,,61.799999326E-3,2.1199999,
,,,61.899997294E-3,2.2200000,
,,,61.999998987E-3,2.3000000,
,,,62.099996954E-3,2.1800001,
,,,62.199998647E-3,2.2200000,
,,,62.299996614E-3,2.2000000,
,,,62.399998307E-3,2.2400000,
,,,62.500000000E-3,2.2600000,
,,,62.600001693E-3,2.2000000,
,,,62.699995935E-3,2.2800000,
,,,62.799997628E-3,2.1800001,
,,,62.899999321E-3,2.2600000,
,,,63.000001013E-3,2.2400000,
,,,63.099995255E-3,2.2600000,
,,,63.199996948E-3,2.2600000,
,,,63.299998641E-3,2.2000000,
,,,63.400000334E-3,2.2600000,
,,,63.500002027E-3,2.2200000,
,,,63.599996269E-3,2.2000000,
,,,63.699997962E-3,2.1199999,
,,,63.799999654E-3,2.2200000,
,,,63.900001347E-3,2.2200000,
,,,63.999995589E-3,2.2000000,
,,,64.099997282E-3,2.2400000,
,,,64.199998975E-3,2.2200000,
,,,64.300000668E-3,2.2400000,
,,,64.399994910E-3,2.2600000,
,,,64.499996603E-3,2.1599998,
,,,64.599998295E-3,2.3199999,
,,,64.699999988E-3,2.2000000,
,,,64.800001681E-3,2.2600000,
,,,64.899995923E-3,2.2600000,
,,,64.999997616E-3,2.2400000,
,,,65.099999309E-3,2.3199999,
,,,65.200001001E-3,2.2400000,
,,,65.299995244E-3,2.3199999,
,,,65.399996936E-3,2.2000000,
,,,65.499998629E-3,2.2600000,
,,,65.600000322E-3,2.1399999,
,,,65.699994564E-3,2.2200000,
,,,65.799996257E-3,2.3000000,
,,,65.899997950E-3,2.2400000,
,,,65.999999642E-3,2.3000000,
,,,66.100001335E-3,2.2200000,
,,,66.199995577E-3,2.3399999,
,,,66.299997270E-3,2.3199999,
,,,66.399998963E-3,2.2800000,
,,,66.500000656E-3,2.3199999,
,,,66.599994898E-3,2.3199999,
,,,66.699996591E-3,2.3000000,
,,,66.799998283E-3,2.3399999,
,,,66.899999976E-3,2.2600000,
,,,67.000001669E-3,2.3599999,
,,,67.099995911E-3,2.2800000,
,,,67.199997604E-3,2.3199999,
,,,67.299999297E-3,2.2600000,
,,,67.400000989E-3,2.2600000,
,,,67.499995232E-3,2.2200000,
,,,67.599996924E-3,2.2000000,
,,,67.699998617E-3,2.3599999,
,,,67.800000310E-3,2.2800000,
,,,67.899994552E-3,2.3999999,
,,,67.999996245E-3,2.2400000,
,,,68.099997938E-3,2.2800000,
,,,68.199999630E-3,2.3199999,
,,,68.300001323E-3,2.3199999,
,,,68.399995565E-3,2.3999999,
,,,68.499997258E-3,2.2800000,
,,,68.599998951E-3,2.3199999,
,,,68.700000644E-3,2.3199999,
,,,68.799994886E-3,2.2800000,
,,,68.899996579E-3,2.3199999,
,,,68.999998271E-3,2.3000000,
,,,69.099999964E-3,2.3000000,
,,,69.200001657E-3,2.3000000,
,,,69.299995899E-3,2.3000000,
,,,69.399997592E-3,2.3000000,
,,,69.499999285E-3,2.2600000,
,,,69.600000978E-3,2.3399999,
,,,69.699995220E-3,2.3199999,
,,,69.799996912E-3,2.3199999,
,,,69.899998605E-3,2.2800000,
,,,70.000000298E-3,2.2800000,
,,,70.099994540E-3,2.3000000,
,,,70.199996233E-3,2.2600000,
,,,70.299997926E-3,2.3199999,
,,,70.399999619E-3,2.2400000,
,,,70.500001311E-3,2.3399999,
,,,70.599995553E-3,2.3399999,
,,,70.699997246E-3,2.2400000,
,,,70.799998939E-3,2.3399999,
,,,70.900000632E-3,2.3000000,
,,,70.999994874E-3,2.3599999,
,,,71.099996567E-3,2.2600000,
,,,71.199998260E-3,2.3199999,
,,,71.299999952E-3,2.1800001,
,,,71.400001645E-3,2.2800000,
,,,71.499995887E-3,2.3599999,
,,,71.599997580E-3,2.3000000,
,,,71.699999273E-3,2.3399999,
,,,71.800000966E-3,2.2800000,
,,,71.899995208E-3,2.2600000,
,,,71.999996901E-3,2.2400000,
,,,72.099998593E-3,2.3000000,
,,,72.200000286E-3,2.3399999,
,,,72.299994528E-3,2.3199999,
,,,72.399996221E-3,2.2800000,
,,,72.499997914E-3,2.3399999,
,,,72.599999607E-3,2.2600000,
,,,72.700001299E-3,2.3799999,
,,,72.799995542E-3,2.3000000,
,,,72.899997234E-3,2.3199999,
,,,72.999998927E-3,2.3399999,
,,,73.100000620E-3,2.3399999,
,,,73.199994862E-3,2.3199999,
,,,73.299996555E-3,2.2800000,
,,,73.399998248E-3,2.3399999,
,,,73.499999940E-3,2.2400000,
,,,73.600001633E-3,2.3000000,
,,,73.699995875E-3,2.3000000,
,,,73.799997568E-3,2.3799999,
,,,73.899999261E-3,2.2200000,
,,,74.000000954E-3,2.3799999,
,,,74.099995196E-3,2.3399999,
,,,74.199996889E-3,2.3199999,
,,,74.299998581E-3,2.3999999,
,,,74.400000274E-3,2.3799999,
,,,74.499994516E-3,2.3599999,
,,,74.599996209E-3,2.3999999,
,,,74.699997902E-3,2.3799999,
,,,74.799999595E-3,2.3799999,
,,,74.900001287E-3,2.3999999,
,,,74.999995530E-3,2.3199999,
,,,75.099997222E-3,2.3599999,
,,,75.199998915E-3,2.3199999,
,,,75.300000608E-3,2.3799999,
,,,75.399994850E-3,2.3399999,
,,,75.499996543E-3,2.3799999,
,,,75.599998236E-3,2.2600000,
,,,75.699999928E-3,2.3999999,
,,,75.800001621E-3,2.2600000,
,,,75.899995863E-3,2.3000000,
,,,75.999997556E-3,2.4400001,
,,,76.099999249E-3,2.3199999,
,,,76.200000942E-3,2.4199998,
,,,76.299995184E-3,2.3199999,
,,,76.399996877E-3,2.3799999,
,,,76.499998569E-3,2.4600000,
,,,76.600000262E-3,2.3199999,
,,,76.699994504E-3,2.3999999,
,,,76.799996197E-3,2.3599999,
,,,76.899997890E-3,2.3799999,
,,,76.999999583E-3,2.3799999,
,,,77.100001276E-3,2.3799999,
,,,77.199995518E-3,2.4199998,
,,,77.299997211E-3,2.3599999,
,,,77.399998903E-3,2.3999999,
,,,77.500000596E-3,2.3799999,
,,,77.599994838E-3,2.3799999,
,,,77.699996531E-3,2.3199999,
,,,77.799998224E-3,2.3599999,
,,,77.899999917E-3,2.4800000,
,,,78.000001609E-3,2.4199998,
,,,78.099995852E-3,2.4400001,
,,,78.199997544E-3,2.3999999,
,,,78.299999237E-3,2.3799999,
,,,78.400000930E-3,2.5400000,
,,,78.499995172E-3,2.3599999,
,,,78.599996865E-3,2.4800000,
,,,78.699998558E-3,2.3999999,
,,,78.800000250E-3,2.4600000,
,,,78.899994493E-3,2.4600000,
,,,78.999996185E-3,2.3999999,
,,,79.099997878E-3,2.5000000,
,,,79.199999571E-3,2.3799999,
,,,79.300001264E-3,2.4600000,
,,,79.399995506E-3,2.3799999,
,,,79.499997199E-3,2.3999999,
,,,79.599998891E-3,2.2600000,
,,,79.700000584E-3,2.3000000,
,,,79.799994826E-3,2.4199998,
,,,79.899996519E-3,2.3599999,
,,,79.999998212E-3,2.3599999,
,,,80.099999905E-3,2.3599999,
,,,80.200001597E-3,2.3399999,
,,,80.299995840E-3,2.4400001,
,,,80.399997532E-3,2.3399999,
,,,80.499999225E-3,2.4400001,
,,,80.600000918E-3,2.3599999,
,,,80.699995160E-3,2.3599999,
,,,80.799996853E-3,2.4400001,
,,,80.899998546E-3,2.3399999,
,,,81.000000238E-3,2.4400001,
,,,81.099994481E-3,2.3599999,
,,,81.199996173E-3,2.4400001,
,,,81.299997866E-3,2.3599999,
,,,81.399999559E-3,2.3799999,
,,,81.500001252E-3,2.2800000,
,,,81.599995494E-3,2.3599999,
,,,81.699997187E-3,2.4400001,
,,,81.799998879E-3,2.3799999,
,,,81.900000572E-3,2.5000000,
,,,81.999994814E-3,2.3799999,
,,,82.099996507E-3,2.4199998,
,,,82.199998200E-3,2.4800000,
,,,82.299999893E-3,2.4400001,
,,,82.399994135E-3,2.4600000,
,,,82.499995828E-3,2.4400001,
,,,82.599997520E-3,2.4400001,
,,,82.699999213E-3,2.5000000,
,,,82.800000906E-3,2.3799999,
,,,82.899995148E-3,2.4800000,
,,,82.999996841E-3,2.3999999,
,,,83.099998534E-3,2.4400001,
,,,83.200000226E-3,2.4400001,
,,,83.299994469E-3,2.3999999,
,,,83.399996161E-3,2.3399999,
,,,83.499997854E-3,2.3999999,
,,,83.599999547E-3,2.4600000,
,,,83.700001240E-3,2.3799999,
,,,83.799995482E-3,2.4600000,
,,,83.899997175E-3,2.3599999,
,,,83.999998868E-3,2.3999999,
,,,84.100000560E-3,2.3799999,
,,,84.199994802E-3,2.4400001,
,,,84.299996495E-3,2.4800000,
,,,84.399998188E-3,2.3999999,
,,,84.499999881E-3,2.4400001,
,,,84.599994123E-3,2.4600000,
,,,84.699995816E-3,2.3999999,
,,,84.799997509E-3,2.3799999,
,,,84.899999201E-3,2.3999999,
,,,85.000000894E-3,2.4400001,
,,,85.099995136E-3,2.4600000,
,,,85.199996829E-3,2.3999999,
,,,85.299998522E-3,2.3999999,
,,,85.400000215E-3,2.3399999,
,,,85.499994457E-3,2.4600000,
,,,85.599996150E-3,2.4400001,
,,,85.699997842E-3,2.4800000,
,,,85.799999535E-3,2.4400001,
,,,85.900001228E-3,2.4600000,
,,,85.999995470E-3,2.4400001,
,,,86.099997163E-3,2.4400001,
,,,86.199998856E-3,2.4800000,
,,,86.300000548E-3,2.4199998,
,,,86.399994791E-3,2.5000000,
,,,86.499996483E-3,2.4800000,
,,,86.599998176E-3,2.4199998,
,,,86.699999869E-3,2.4800000,
,,,86.799994111E-3,2.4199998,
,,,86.899995804E-3,2.4800000,
,,,86.999997497E-3,2.4400001,
,,,87.099999189E-3,2.4199998,
,,,87.200000882E-3,2.4199998,
,,,87.299995124E-3,2.4800000,
,,,87.399996817E-3,2.4800000,
,,,87.499998510E-3,2.3999999,
,,,87.600000203E-3,2.4800000,
,,,87.699994445E-3,2.3999999,
,,,87.799996138E-3,2.3599999,
,,,87.899997830E-3,2.3599999,
,,,87.999999523E-3,2.3599999,
,,,88.100001216E-3,2.4400001,
,,,88.199995458E-3,2.3599999,
,,,88.299997151E-3,2.3999999,
,,,88.399998844E-3,2.4400001,
,,,88.500000536E-3,2.3999999,
,,,88.599994779E-3,2.5400000,
,,,88.699996471E-3,2.4199998,
,,,88.799998164E-3,2.4600000,
,,,88.899999857E-3,2.3999999,
,,,88.999994099E-3,2.4400001,
,,,89.099995792E-3,2.4199998,
,,,89.199997485E-3,2.3799999,
,,,89.299999177E-3,2.4800000,
,,,89.400000870E-3,2.4400001,
,,,89.499995112E-3,2.4800000,
,,,89.599996805E-3,2.3599999,
,,,89.699998498E-3,2.4600000,
,,,89.800000191E-3,2.3000000,
,,,89.899994433E-3,2.4400001,
,,,89.999996126E-3,2.4800000,
,,,90.099997818E-3,2.4400001,
,,,90.199999511E-3,2.4600000,
,,,90.300001204E-3,2.4400001,
,,,90.399995446E-3,2.3999999,
,,,90.499997139E-3,2.5400000,
,,,90.599998832E-3,2.4199998,
,,,90.700000525E-3,2.5000000,
,,,90.799994767E-3,2.4600000,
,,,90.899996459E-3,2.4400001,
,,,90.999998152E-3,2.5400000,
,,,91.099999845E-3,2.4400001,
,,,91.199994087E-3,2.5400000,
,,,91.299995780E-3,2.4400001,
,,,91.399997473E-3,2.4800000,
,,,91.499999166E-3,2.4199998,
,,,91.600000858E-3,2.3999999,
,,,91.699995100E-3,2.3399999,
,,,91.799996793E-3,2.4199998,
,,,91.899998486E-3,2.4800000,
,,,92.000000179E-3,2.3799999,
,,,92.099994421E-3,2.4400001,
,,,92.199996114E-3,2.3999999,
,,,92.299997807E-3,2.4800000,
,,,92.399999499E-3,2.4800000,
,,,92.500001192E-3,2.4199998,
,,,92.599995434E-3,2.4800000,
,,,92.699997127E-3,2.4600000,
,,,92.799998820E-3,2.4800000,
,,,92.900000513E-3,2.4800000,
,,,92.999994755E-3,2.4400001,
,,,93.099996448E-3,2.4800000,
,,,93.199998140E-3,2.4800000,
,,,93.299999833E-3,2.4400001,
,,,93.399994075E-3,2.3999999,
,,,93.499995768E-3,2.3999999,
,,,93.599997461E-3,2.3399999,
,,,93.699999154E-3,2.4600000,
,,,93.800000846E-3,2.5200000,
,,,93.899995089E-3,2.4400001,
,,,93.999996781E-3,2.4800000,
,,,94.099998474E-3,2.4800000,
,,,94.200000167E-3,2.4400001,
,,,94.299994409E-3,2.5200000,
,,,94.399996102E-3,2.4400001,
,,,94.499997795E-3,2.5599999,
,,,94.599999487E-3,2.4400001,
,,,94.700001180E-3,2.4800000,
,,,94.799995422E-3,2.5200000,
,,,94.899997115E-3,2.5400000,
,,,94.999998808E-3,2.5000000,
,,,95.100000501E-3,2.4600000,
,,,95.199994743E-3,2.4800000,
,,,95.299996436E-3,2.4800000,
,,,95.399998128E-3,2.4600000,
,,,95.499999821E-3,2.3399999,
,,,95.599994063E-3,2.4800000,
,,,95.699995756E-3,2.4800000,
,,,95.799997449E-3,2.4400001,
,,,95.899999142E-3,2.4600000,
,,,96.000000834E-3,2.4600000,
,,,96.099995077E-3,2.3999999,
,,,96.199996769E-3,2.5400000,
,,,96.299998462E-3,2.4400001,
,,,96.400000155E-3,2.4800000,
,,,96.499994397E-3,2.5000000,
,,,96.599996090E-3,2.4800000,
,,,96.699997783E-3,2.5000000,
,,,96.799999475E-3,2.4199998,
,,,96.900001168E-3,2.4800000,
,,,96.999995410E-3,2.3999999,
,,,97.099997103E-3,2.4800000,
,,,97.199998796E-3,2.4400001,
,,,97.300000489E-3,2.4600000,
,,,97.399994731E-3,2.3000000,
,,,97.499996424E-3,2.4199998,
,,,97.599998116E-3,2.4800000,
,,,97.699999809E-3,2.4400001,
,,,97.799994051E-3,2.5000000,
,,,97.899995744E-3,2.4199998,
,,,97.999997437E-3,2.4800000,
,,,98.099999130E-3,2.5400000,
,,,98.200000823E-3,2.4800000,
,,,98.299995065E-3,2.5400000,
,,,98.399996758E-3,2.4800000,
,,,98.499998450E-3,2.4800000,
,,,98.600000143E-3,2.5400000,
,,,98.699994385E-3,2.4400001,
,,,98.799996078E-3,2.5400000,
,,,98.899997771E-3,2.4800000,
,,,98.999999464E-3,2.5400000,
,,,99.099993706E-3,2.4600000,
,,,99.199995399E-3,2.4600000,
,,,99.299997091E-3,2.3999999,
,,,99.399998784E-3,2.4199998,
,,,99.500000477E-3,2.5200000,
,,,99.599994719E-3,2.4199998,
,,,99.699996412E-3,2.5200000,
,,,99.799998105E-3,2.3999999,
,,,99.899999797E-3,2.4199998,
,,,99.999994040E-3,2.5200000,
,,,100.0999957E-3,2.4400001,
,,,100.1999974E-3,2.5400000,
,,,100.2999991E-3,2.4600000,
,,,100.4000008E-3,2.5000000,
,,,100.4999951E-3,2.4400001,
,,,100.5999967E-3,2.3999999,
,,,100.6999984E-3,2.5200000,
,,,100.8000001E-3,2.4400001,
,,,100.8999944E-3,2.5000000,
,,,100.9999961E-3,2.4600000,
,,,101.0999978E-3,2.4600000,
,,,101.1999995E-3,2.3999999,
,,,101.2999937E-3,2.4800000,
,,,101.3999954E-3,2.4800000,
,,,101.4999971E-3,2.4800000,
,,,101.5999988E-3,2.4600000,
,,,101.7000005E-3,2.4800000,
,,,101.7999947E-3,2.4800000,
,,,101.8999964E-3,2.4199998,
,,,101.9999981E-3,2.4800000,
,,,102.0999998E-3,2.5400000,
,,,102.1999940E-3,2.4800000,
,,,102.2999957E-3,2.4800000,
,,,102.3999974E-3,2.4800000,
,,,102.4999991E-3,2.4600000,
,,,102.6000008E-3,2.5400000,
,,,102.6999950E-3,2.4800000,
,,,102.7999967E-3,2.5000000,
,,,102.8999984E-3,2.4199998,
,,,103.0000001E-3,2.5000000,
,,,103.0999944E-3,2.5400000,
,,,103.1999961E-3,2.5000000,
,,,103.2999977E-3,2.5400000,
,,,103.3999994E-3,2.4800000,
,,,103.4999937E-3,2.5599999,
,,,103.5999954E-3,2.4400001,
,,,103.6999971E-3,2.4600000,
,,,103.7999988E-3,2.3199999,
,,,103.9000005E-3,2.4800000,
,,,103.9999947E-3,2.4800000,
,,,104.0999964E-3,2.4800000,
,,,104.1999981E-3,2.4800000,
,,,104.2999998E-3,2.4400001,
,,,104.3999940E-3,2.4800000,
,,,104.4999957E-3,2.5200000,
,,,104.5999974E-3,2.4400001,
,,,104.6999991E-3,2.5000000,
,,,104.8000008E-3,2.4800000,
,,,104.8999950E-3,2.4800000,
,,,104.9999967E-3,2.5599999,
,,,105.0999984E-3,2.4800000,
,,,105.2000001E-3,2.5599999,
,,,105.2999943E-3,2.4600000,
,,,105.3999960E-3,2.4800000,
,,,105.4999977E-3,2.4400001,
,,,105.5999994E-3,2.4600000,
,,,105.6999937E-3,2.4199998,
,,,105.7999954E-3,2.4800000,
,,,105.8999971E-3,2.5400000,
,,,105.9999987E-3,2.4800000,
,,,106.1000004E-3,2.5599999,
,,,106.1999947E-3,2.4400001,
,,,106.2999964E-3,2.4800000,
,,,106.3999981E-3,2.5799999,
,,,106.4999998E-3,2.4800000,
,,,106.5999940E-3,2.5200000,
,,,106.6999957E-3,2.4800000,
,,,106.7999974E-3,2.4800000,
,,,106.8999991E-3,2.5599999,
,,,107.0000008E-3,2.5000000,
,,,107.0999950E-3,2.5599999,
,,,107.1999967E-3,2.5000000,
,,,107.2999984E-3,2.5200000,
,,,107.4000001E-3,2.5200000,
,,,107.4999943E-3,2.4800000,
,,,107.5999960E-3,2.3999999,
,,,107.6999977E-3,2.4800000,
,,,107.7999994E-3,2.5599999,
,,,107.8999937E-3,2.4800000,
,,,107.9999954E-3,2.5200000,
,,,108.0999970E-3,2.4400001,
,,,108.1999987E-3,2.4800000,
,,,108.3000004E-3,2.4400001,
,,,108.3999947E-3,2.4199998,
,,,108.4999964E-3,2.5799999,
,,,108.5999981E-3,2.4800000,
,,,108.6999997E-3,2.5200000,
,,,108.7999940E-3,2.5000000,
,,,108.8999957E-3,2.4800000,
,,,108.9999974E-3,2.5400000,
,,,109.0999991E-3,2.4800000,
,,,109.2000008E-3,2.5200000,
,,,109.2999950E-3,2.5000000,
,,,109.3999967E-3,2.5200000,
,,,109.4999984E-3,2.4800000,
,,,109.6000001E-3,2.5400000,
,,,109.6999943E-3,2.5400000,
,,,109.7999960E-3,2.4800000,
,,,109.8999977E-3,2.5000000,
,,,109.9999994E-3,2.4800000,
,,,110.0999936E-3,2.4800000,
,,,110.1999953E-3,2.4400001,
,,,110.2999970E-3,2.4800000,
,,,110.3999987E-3,2.5599999,
,,,110.5000004E-3,2.5000000,
,,,110.5999947E-3,2.5599999,
,,,110.6999964E-3,2.5000000,
,,,110.7999980E-3,2.4400001,
,,,110.8999997E-3,2.5599999,
,,,110.9999940E-3,2.4800000,
,,,111.0999957E-3,2.5799999,
,,,111.1999974E-3,2.4800000,
,,,111.2999991E-3,2.4800000,
,,,111.4000008E-3,2.5400000,
,,,111.4999950E-3,2.4800000,
,,,111.5999967E-3,2.5200000,
,,,111.6999984E-3,2.4800000,
,,,111.8000001E-3,2.5400000,
,,,111.8999943E-3,2.4800000,
,,,111.9999960E-3,2.5000000,
,,,112.0999977E-3,2.3399999,
,,,112.1999994E-3,2.4800000,
,,,112.2999936E-3,2.5000000,
,,,112.3999953E-3,2.4800000,
,,,112.4999970E-3,2.4400001,
,,,112.5999987E-3,2.4800000,
,,,112.7000004E-3,2.4600000,
,,,112.7999946E-3,2.5200000,
,,,112.8999963E-3,2.4800000,
,,,112.9999980E-3,2.5200000,
,,,113.0999997E-3,2.5000000,
,,,113.1999940E-3,2.5000000,
,,,113.2999957E-3,2.5599999,
,,,113.3999974E-3,2.4600000,
,,,113.4999990E-3,2.5000000,
,,,113.6000007E-3,2.5000000,
,,,113.6999950E-3,2.5799999,
,,,113.7999967E-3,2.5000000,
,,,113.8999984E-3,2.5000000,
,,,114.0000001E-3,2.3799999,
,,,114.0999943E-3,2.5400000,
,,,114.1999960E-3,2.5799999,
,,,114.2999977E-3,2.5000000,
,,,114.3999994E-3,2.5400000,
,,,114.4999936E-3,2.5000000,
,,,114.5999953E-3,2.5599999,
,,,114.6999970E-3,2.5599999,
,,,114.7999987E-3,2.5400000,
,,,114.9000004E-3,2.5400000,
,,,114.9999946E-3,2.5000000,
,,,115.0999963E-3,2.5799999,
,,,115.1999980E-3,2.5599999,
,,,115.2999997E-3,2.5000000,
,,,115.3999940E-3,2.5799999,
,,,115.4999956E-3,2.5200000,
,,,115.5999973E-3,2.5000000,
,,,115.6999990E-3,2.5599999,
,,,115.7999933E-3,2.5400000,
,,,115.8999950E-3,2.4800000,
,,,115.9999967E-3,2.5000000,
,,,116.0999984E-3,2.5799999,
,,,116.2000000E-3,2.4800000,
,,,116.2999943E-3,2.5200000,
,,,116.3999960E-3,2.5200000,
,,,116.4999977E-3,2.5400000,
,,,116.5999994E-3,2.4800000,
,,,116.6999936E-3,2.4800000,
,,,116.7999953E-3,2.5599999,
,,,116.8999970E-3,2.4600000,
,,,116.9999987E-3,2.5400000,
,,,117.1000004E-3,2.5000000,
,,,117.1999946E-3,2.5000000,
,,,117.2999963E-3,2.5400000,
,,,117.3999980E-3,2.4800000,
,,,117.4999997E-3,2.6199999,
,,,117.5999939E-3,2.5000000,
,,,117.6999956E-3,2.5400000,
,,,117.7999973E-3,2.4800000,
,,,117.8999990E-3,2.5000000,
,,,117.9999933E-3,2.5999999,
,,,118.0999950E-3,2.5599999,
,,,118.1999967E-3,2.5200000,
,,,118.2999983E-3,2.4600000,
,,,118.4000000E-3,2.5000000,
,,,118.4999943E-3,2.4199998,
,,,118.5999960E-3,2.5000000,
,,,118.6999977E-3,2.5200000,
,,,118.7999994E-3,2.5000000,
,,,118.8999936E-3,2.5400000,
,,,118.9999953E-3,2.5200000,
,,,119.0999970E-3,2.4800000,
,,,119.1999987E-3,2.5999999,
,,,119.3000004E-3,2.4800000,
,,,119.3999946E-3,2.5599999,
,,,119.4999963E-3,2.5000000,
,,,119.5999980E-3,2.5000000,
,,,119.6999997E-3,2.4800000,
,,,119.7999939E-3,2.4800000,
,,,119.8999956E-3,2.5999999,
,,,119.9999973E-3,2.4800000,
,,,120.0999990E-3,2.5599999,
,,,120.1999933E-3,2.4400001,
,,,120.2999949E-3,2.4800000,
,,,120.3999966E-3,2.3599999,
,,,120.4999983E-3,2.4800000,
,,,120.6000000E-3,2.5599999,
,,,120.6999943E-3,2.4800000,
,,,120.7999960E-3,2.4800000,
,,,120.8999977E-3,2.4800000,
,,,120.9999993E-3,2.5200000,
,,,121.0999936E-3,2.5599999,
,,,121.1999953E-3,2.5000000,
,,,121.2999970E-3,2.5400000,
,,,121.3999987E-3,2.4800000,
,,,121.5000004E-3,2.5400000,
,,,121.5999946E-3,2.5799999,
,,,121.6999963E-3,2.4800000,
,,,121.7999980E-3,2.5999999,
,,,121.8999997E-3,2.5599999,
,,,121.9999939E-3,2.5400000,
,,,122.0999956E-3,2.5000000,
,,,122.1999973E-3,2.5200000,
,,,122.2999990E-3,2.4400001,
,,,122.3999932E-3,2.5000000,
,,,122.4999949E-3,2.5799999,
,,,122.5999966E-3,2.4800000,
,,,122.6999983E-3,2.5400000,
,,,122.8000000E-3,2.5000000,
,,,122.8999943E-3,2.5200000,
,,,122.9999959E-3,2.6199999,
,,,123.0999976E-3,2.5000000,
,,,123.1999993E-3,2.5799999,
,,,123.2999936E-3,2.5000000,
,,,123.3999953E-3,2.5400000,
,,,123.4999970E-3,2.5799999,
,,,123.5999987E-3,2.5200000,
,,,123.7000003E-3,2.5200000,
,,,123.7999946E-3,2.5200000,
,,,123.8999963E-3,2.5799999,
,,,123.9999980E-3,2.5200000,
,,,124.0999997E-3,2.5599999,
,,,124.1999939E-3,2.4400001,
,,,124.2999956E-3,2.5200000,
,,,124.3999973E-3,2.5599999,
,,,124.4999990E-3,2.5200000,
,,,124.5999932E-3,2.5599999,
,,,124.6999949E-3,2.5000000,
,,,124.7999966E-3,2.5200000,
,,,124.8999983E-3,2.4800000,
,,,125.0000000E-3,2.5000000,
,,,125.1000017E-3,2.5599999,
,,,125.2000034E-3,2.5200000,
,,,125.2999902E-3,2.5000000,
,,,125.3999919E-3,2.5400000,
,,,125.4999936E-3,2.5000000,
,,,125.5999953E-3,2.5999999,
,,,125.6999969E-3,2.4800000,
,,,125.7999986E-3,2.5400000,
,,,125.9000003E-3,2.5400000,
,,,126.0000020E-3,2.5000000,
,,,126.1000037E-3,2.5599999,
,,,126.1999905E-3,2.4800000,
,,,126.2999922E-3,2.5799999,
,,,126.3999939E-3,2.5200000,
,,,126.4999956E-3,2.5799999,
,,,126.5999973E-3,2.4800000,
,,,126.6999990E-3,2.5000000,
,,,126.8000007E-3,2.3599999,
,,,126.9000024E-3,2.5000000,
,,,127.0000041E-3,2.5999999,
,,,127.0999908E-3,2.5000000,
,,,127.1999925E-3,2.5400000,
,,,127.2999942E-3,2.5000000,
,,,127.3999959E-3,2.5200000,
,,,127.4999976E-3,2.5400000,
,,,127.5999993E-3,2.5000000,
,,,127.7000010E-3,2.5999999,
,,,127.8000027E-3,2.5200000,
,,,127.8999895E-3,2.5200000,
,,,127.9999912E-3,2.5599999,
,,,128.0999929E-3,2.5799999,
,,,128.1999946E-3,2.5599999,
,,,128.2999963E-3,2.5200000,
,,,128.3999979E-3,2.5400000,
,,,128.4999996E-3,2.5200000,
,,,128.6000013E-3,2.5000000,
,,,128.7000030E-3,2.4199998,
,,,128.7999898E-3,2.4800000,
,,,128.8999915E-3,2.5799999,
,,,128.9999932E-3,2.4800000,
,,,129.0999949E-3,2.5799999,
,,,129.1999966E-3,2.4800000,
,,,129.2999983E-3,2.5000000,
,,,129.4000000E-3,2.6199999,
,,,129.5000017E-3,2.4800000,
,,,129.6000034E-3,2.6399999,
,,,129.6999902E-3,2.5000000,
,,,129.7999918E-3,2.6199999,
,,,129.8999935E-3,2.5000000,
,,,129.9999952E-3,2.4600000,
,,,130.0999969E-3,2.5799999,
,,,130.1999986E-3,2.5200000,
,,,130.3000003E-3,2.5599999,
,,,130.4000020E-3,2.5000000,
,,,130.5000037E-3,2.5200000,
,,,130.5999905E-3,2.3999999,
,,,130.6999922E-3,2.5000000,
,,,130.7999939E-3,2.5400000,
,,,130.8999956E-3,2.5000000,
,,,130.9999973E-3,2.5200000,
,,,131.0999990E-3,2.5000000,
,,,131.2000006E-3,2.4800000,
,,,131.3000023E-3,2.5799999,
,,,131.4000040E-3,2.5200000,
,,,131.4999908E-3,2.5799999,
,,,131.5999925E-3,2.5000000,
,,,131.6999942E-3,2.4800000,
,,,131.7999959E-3,2.6199999,
,,,131.8999976E-3,2.5000000,
,,,131.9999993E-3,2.5599999,
,,,132.1000010E-3,2.5400000,
,,,132.2000027E-3,2.5799999,
,,,132.2999895E-3,2.5200000,
,,,132.3999912E-3,2.5000000,
,,,132.4999928E-3,2.4400001,
,,,132.5999945E-3,2.5000000,
,,,132.6999962E-3,2.5999999,
,,,132.7999979E-3,2.5000000,
,,,132.8999996E-3,2.5599999,
,,,133.0000013E-3,2.5000000,
,,,133.1000030E-3,2.5200000,
,,,133.1999898E-3,2.6599998,
,,,133.2999915E-3,2.5799999,
,,,133.3999932E-3,2.5799999,
,,,133.4999949E-3,2.5000000,
,,,133.5999966E-3,2.5799999,
,,,133.6999983E-3,2.5599999,
,,,133.8000000E-3,2.5400000,
,,,133.9000016E-3,2.5999999,
,,,134.0000033E-3,2.5400000,
,,,134.0999901E-3,2.5400000,
,,,134.1999918E-3,2.5000000,
,,,134.2999935E-3,2.5400000,
,,,134.3999952E-3,2.4600000,
,,,134.4999969E-3,2.5000000,
,,,134.5999986E-3,2.5400000,
,,,134.7000003E-3,2.4800000,
,,,134.8000020E-3,2.5400000,
,,,134.9000037E-3,2.5599999,
,,,134.9999905E-3,2.5400000,
,,,135.0999922E-3,2.5599999,
,,,135.1999938E-3,2.4800000,
,,,135.2999955E-3,2.5599999,
,,,135.3999972E-3,2.4800000,
,,,135.4999989E-3,2.5000000,
,,,135.6000006E-3,2.5599999,
,,,135.7000023E-3,2.5000000,
,,,135.7999891E-3,2.5799999,
,,,135.8999908E-3,2.5000000,
,,,135.9999925E-3,2.5999999,
,,,136.0999942E-3,2.5000000,
,,,136.1999959E-3,2.5000000,
,,,136.2999976E-3,2.4600000,
,,,136.3999993E-3,2.5200000,
,,,136.5000010E-3,2.5999999,
,,,136.6000026E-3,2.5400000,
,,,136.6999894E-3,2.5799999,
,,,136.7999911E-3,2.4800000,
,,,136.8999928E-3,2.5400000,
,,,136.9999945E-3,2.3999999,
,,,137.0999962E-3,2.5400000,
,,,137.1999979E-3,2.5000000,
,,,137.2999996E-3,2.5599999,
,,,137.4000013E-3,2.5200000,
,,,137.5000030E-3,2.5599999,
,,,137.5999898E-3,2.5599999,
,,,137.6999915E-3,2.5799999,
,,,137.7999932E-3,2.5400000,
,,,137.8999949E-3,2.5799999,
,,,137.9999965E-3,2.5799999,
,,,138.0999982E-3,2.5599999,
,,,138.1999999E-3,2.5000000,
,,,138.3000016E-3,2.5200000,
,,,138.4000033E-3,2.6199999,
,,,138.4999901E-3,2.5200000,
,,,138.5999918E-3,2.5999999,
,,,138.6999935E-3,2.5000000,
,,,138.7999952E-3,2.5400000,
,,,138.8999969E-3,2.5000000,
,,,138.9999986E-3,2.5000000,
,,,139.1000003E-3,2.5999999,
,,,139.2000020E-3,2.4800000,
,,,139.3000036E-3,2.5999999,
,,,139.3999904E-3,2.5599999,
,,,139.4999921E-3,2.5200000,
,,,139.5999938E-3,2.5999999,
,,,139.6999955E-3,2.4800000,
,,,139.7999972E-3,2.5400000,
,,,139.8999989E-3,2.4800000,
,,,140.0000006E-3,2.5200000,
,,,140.1000023E-3,2.5200000,
,,,140.1999891E-3,2.5000000,
,,,140.2999908E-3,2.5599999,
,,,140.3999925E-3,2.4800000,
,,,140.4999942E-3,2.5799999,
,,,140.5999959E-3,2.4400001,
,,,140.6999975E-3,2.4800000,
,,,140.7999992E-3,2.3399999,
,,,140.9000009E-3,2.5000000,
,,,141.0000026E-3,2.5999999,
,,,141.0999894E-3,2.4800000,
,,,141.1999911E-3,2.4800000,
,,,141.2999928E-3,2.4800000,
,,,141.3999945E-3,2.5000000,
,,,141.4999962E-3,2.5799999,
,,,141.5999979E-3,2.5200000,
,,,141.6999996E-3,2.5999999,
,,,141.8000013E-3,2.5799999,
,,,141.9000030E-3,2.5400000,
,,,141.9999897E-3,2.5799999,
,,,142.0999914E-3,2.5200000,
,,,142.1999931E-3,2.6199999,
,,,142.2999948E-3,2.5599999,
,,,142.3999965E-3,2.5999999,
,,,142.4999982E-3,2.5200000,
,,,142.5999999E-3,2.5200000,
,,,142.7000016E-3,2.4800000,
,,,142.8000033E-3,2.5599999,
,,,142.8999901E-3,2.5599999,
,,,142.9999918E-3,2.5200000,
,,,143.0999935E-3,2.5599999,
,,,143.1999952E-3,2.5000000,
,,,143.2999969E-3,2.5000000,
,,,143.3999985E-3,2.6599998,
,,,143.5000002E-3,2.5200000,
,,,143.6000019E-3,2.5999999,
,,,143.7000036E-3,2.4800000,
,,,143.7999904E-3,2.5400000,
,,,143.8999921E-3,2.5200000,
,,,143.9999938E-3,2.5200000,
,,,144.0999955E-3,2.5400000,
,,,144.1999972E-3,2.4800000,
,,,144.2999989E-3,2.5400000,
,,,144.4000006E-3,2.5200000,
,,,144.5000023E-3,2.5400000,
,,,144.5999891E-3,2.4199998,
,,,144.6999907E-3,2.5000000,
,,,144.7999924E-3,2.5200000,
,,,144.8999941E-3,2.4800000,
,,,144.9999958E-3,2.5000000,
,,,145.0999975E-3,2.5400000,
,,,145.1999992E-3,2.5200000,
,,,145.3000009E-3,2.5400000,
,,,145.4000026E-3,2.5000000,
,,,145.4999894E-3,2.5400000,
,,,145.5999911E-3,2.5000000,
,,,145.6999928E-3,2.5400000,
,,,145.7999945E-3,2.5999999,
,,,145.8999962E-3,2.5000000,
,,,145.9999979E-3,2.5799999,
,,,146.0999995E-3,2.4800000,
,,,146.2000012E-3,2.6399999,
,,,146.3000029E-3,2.5599999,
,,,146.3999897E-3,2.5400000,
,,,146.4999914E-3,2.5000000,
,,,146.5999931E-3,2.5400000,
,,,146.6999948E-3,2.5599999,
,,,146.7999965E-3,2.4800000,
,,,146.8999982E-3,2.5799999,
,,,146.9999999E-3,2.5000000,
,,,147.1000016E-3,2.5200000,
,,,147.2000033E-3,2.5599999,
,,,147.2999901E-3,2.5000000,
,,,147.3999918E-3,2.5999999,
,,,147.4999934E-3,2.5000000,
,,,147.5999951E-3,2.5599999,
,,,147.6999968E-3,2.5400000,
,,,147.7999985E-3,2.5200000,
,,,147.9000002E-3,2.5799999,
,,,148.0000019E-3,2.5400000,
,,,148.1000036E-3,2.5599999,
,,,148.1999904E-3,2.5599999,
,,,148.2999921E-3,2.5200000,
,,,148.3999938E-3,2.5000000,
,,,148.49999547E-3,2.5000000,
,,,148.59999716E-3,2.5599999,
,,,148.69999886E-3,2.5000000,
,,,148.80000055E-3,2.5599999,
,,,148.90000224E-3,2.4800000,
,,,148.99998903E-3,2.5400000,
,,,149.09999073E-3,2.4400001,
,,,149.19999242E-3,2.5200000,
,,,149.29999411E-3,2.5799999,
,,,149.39999580E-3,2.5200000,
,,,149.49999750E-3,2.5599999,
,,,149.59999919E-3,2.5599999,
,,,149.70000088E-3,2.5200000,
,,,149.80000257E-3,2.6199999,
,,,149.89998937E-3,2.5000000,
,,,149.99999106E-3,2.5999999,
,,,150.09999275E-3,2.5200000,
,,,150.19999444E-3,2.5200000,
,,,150.29999614E-3,2.5599999,
,,,150.39999783E-3,2.5200000,
,,,150.49999952E-3,2.5799999,
,,,150.60000122E-3,2.5400000,
,,,150.70000291E-3,2.6399999,
,,,150.79998970E-3,2.4800000,
,,,150.89999139E-3,2.5599999,
,,,150.99999309E-3,2.4199998,
,,,151.09999478E-3,2.5200000,
,,,151.19999647E-3,2.6199999,
,,,151.29999816E-3,2.5400000,
,,,151.39999986E-3,2.5599999,
,,,151.50000155E-3,2.5000000,
,,,151.60000324E-3,2.5200000,
,,,151.69999003E-3,2.5799999,
,,,151.79999173E-3,2.5200000,
,,,151.89999342E-3,2.5000000,
,,,151.99999511E-3,2.5200000,
,,,152.09999681E-3,2.5400000,
,,,152.19999850E-3,2.5400000,
,,,152.30000019E-3,2.4800000,
,,,152.40000188E-3,2.5000000,
,,,152.49998868E-3,2.5200000,
,,,152.59999037E-3,2.5400000,
,,,152.69999206E-3,2.5000000,
,,,152.79999375E-3,2.4800000,
,,,152.89999545E-3,2.3999999,
,,,152.99999714E-3,2.5000000,
,,,153.09999883E-3,2.5799999,
,,,153.20000052E-3,2.5200000,
,,,153.30000222E-3,2.5200000,
,,,153.39998901E-3,2.5000000,
,,,153.49999070E-3,2.4800000,
,,,153.59999239E-3,2.6399999,
,,,153.69999409E-3,2.5000000,
,,,153.79999578E-3,2.5999999,
,,,153.89999747E-3,2.5000000,
,,,153.99999917E-3,2.5999999,
,,,154.10000086E-3,2.6199999,
,,,154.20000255E-3,2.5400000,
,,,154.29998934E-3,2.5599999,
,,,154.39999104E-3,2.5000000,
,,,154.49999273E-3,2.5999999,
,,,154.59999442E-3,2.5000000,
,,,154.69999611E-3,2.5400000,
,,,154.79999781E-3,2.4600000,
,,,154.89999950E-3,2.5400000,
,,,155.00000119E-3,2.5599999,
,,,155.10000288E-3,2.5400000,
,,,155.19998968E-3,2.5599999,
,,,155.29999137E-3,2.5200000,
,,,155.39999306E-3,2.5200000,
,,,155.49999475E-3,2.4800000,
,,,155.59999645E-3,2.5400000,
,,,155.69999814E-3,2.5999999,
,,,155.79999983E-3,2.5400000,
,,,155.90000153E-3,2.5599999,
,,,156.00000322E-3,2.5999999,
,,,156.09999001E-3,2.5200000,
,,,156.19999170E-3,2.5999999,
,,,156.29999340E-3,2.5000000,
,,,156.39999509E-3,2.5599999,
,,,156.49999678E-3,2.5400000,
,,,156.59999847E-3,2.5000000,
,,,156.70000017E-3,2.5000000,
,,,156.80000186E-3,2.5599999,
,,,156.89998865E-3,2.5799999,
,,,156.99999034E-3,2.5000000,
,,,157.09999204E-3,2.5799999,
,,,157.19999373E-3,2.5000000,
,,,157.29999542E-3,2.5000000,
,,,157.39999712E-3,2.4600000,
,,,157.49999881E-3,2.5200000,
,,,157.60000050E-3,2.5999999,
,,,157.70000219E-3,2.5400000,
,,,157.79998899E-3,2.5799999,
,,,157.89999068E-3,2.5000000,
,,,157.99999237E-3,2.5400000,
,,,158.09999406E-3,2.5799999,
,,,158.19999576E-3,2.5400000,
,,,158.29999745E-3,2.5999999,
,,,158.39999914E-3,2.5599999,
,,,158.50000083E-3,2.5799999,
,,,158.60000253E-3,2.5599999,
,,,158.69998932E-3,2.4800000,
,,,158.79999101E-3,2.5999999,
,,,158.89999270E-3,2.5799999,
,,,158.99999440E-3,2.5799999,
,,,159.09999609E-3,2.5599999,
,,,159.19999778E-3,2.5200000,
,,,159.29999948E-3,2.4600000,
,,,159.40000117E-3,2.5000000,
,,,159.50000286E-3,2.5799999,
,,,159.59998965E-3,2.5200000,
,,,159.69999135E-3,2.5599999,
,,,159.79999304E-3,2.5000000,
,,,159.89999473E-3,2.4800000,
,,,159.99999642E-3,2.6199999,
,,,160.09999812E-3,2.5200000,
,,,160.19999981E-3,2.6399999,
,,,160.30000150E-3,2.5200000,
,,,160.40000319E-3,2.5799999,
,,,160.49998999E-3,2.5799999,
,,,160.59999168E-3,2.5000000,
,,,160.69999337E-3,2.5999999,
,,,160.79999506E-3,2.5200000,
,,,160.89999676E-3,2.6199999,
,,,160.99999845E-3,2.5200000,
,,,161.10000014E-3,2.5599999,
,,,161.20000184E-3,2.3999999,
,,,161.29998863E-3,2.5200000,
,,,161.39999032E-3,2.5799999,
,,,161.49999201E-3,2.5400000,
,,,161.59999371E-3,2.5799999,
,,,161.69999540E-3,2.5000000,
,,,161.79999709E-3,2.5799999,
,,,161.89999878E-3,2.7000000,
,,,162.00000048E-3,2.6399999,
,,,162.10000217E-3,2.6199999,
,,,162.19998896E-3,2.5799999,
,,,162.29999065E-3,2.5999999,
,,,162.39999235E-3,2.6599998,
,,,162.49999404E-3,2.5400000,
,,,162.59999573E-3,2.6399999,
,,,162.69999743E-3,2.5799999,
,,,162.79999912E-3,2.5999999,
,,,162.90000081E-3,2.5799999,
,,,163.00000250E-3,2.5599999,
,,,163.09998930E-3,2.4800000,
,,,163.19999099E-3,2.5400000,
,,,163.29999268E-3,2.6399999,
,,,163.39999437E-3,2.5799999,
,,,163.49999607E-3,2.5599999,
,,,163.59999776E-3,2.5200000,
,,,163.69999945E-3,2.5599999,
,,,163.80000114E-3,2.5400000,
,,,163.90000284E-3,2.5200000,
,,,163.99998963E-3,2.5999999,
,,,164.09999132E-3,2.5000000,
,,,164.19999301E-3,2.5400000,
,,,164.29999471E-3,2.5999999,
,,,164.39999640E-3,2.4800000,
,,,164.49999809E-3,2.5799999,
,,,164.59999979E-3,2.4800000,
,,,164.70000148E-3,2.5999999,
,,,164.80000317E-3,2.5400000,
,,,164.89998996E-3,2.5400000,
,,,164.99999166E-3,2.4800000,
,,,165.09999335E-3,2.5599999,
,,,165.19999504E-3,2.5599999,
,,,165.29999673E-3,2.5000000,
,,,165.39999843E-3,2.5799999,
,,,165.50000012E-3,2.5000000,
,,,165.60000181E-3,2.5200000,
,,,165.69998860E-3,2.4600000,
,,,165.79999030E-3,2.5400000,
,,,165.89999199E-3,2.5400000,
,,,165.99999368E-3,2.5200000,
,,,166.09999537E-3,2.5400000,
,,,166.19999707E-3,2.5599999,
,,,166.29999876E-3,2.5400000,
,,,166.40000045E-3,2.5799999,
,,,166.50000215E-3,2.4800000,
,,,166.59998894E-3,2.5799999,
,,,166.69999063E-3,2.5400000,
,,,166.79999232E-3,2.5799999,
,,,166.89999402E-3,2.5400000,
,,,166.99999571E-3,2.5000000,
,,,167.09999740E-3,2.6199999,
,,,167.19999909E-3,2.5200000,
,,,167.30000079E-3,2.5999999,
,,,167.40000248E-3,2.5400000,
,,,167.49998927E-3,2.5200000,
,,,167.59999096E-3,2.3599999,
,,,167.69999266E-3,2.5400000,
,,,167.79999435E-3,2.5799999,
,,,167.89999604E-3,2.5400000,
,,,167.99999774E-3,2.5799999,
,,,168.09999943E-3,2.5000000,
,,,168.20000112E-3,2.5599999,
,,,168.30000281E-3,2.5599999,
,,,168.39998960E-3,2.5400000,
,,,168.49999130E-3,2.6199999,
,,,168.59999299E-3,2.5599999,
,,,168.69999468E-3,2.6399999,
,,,168.79999638E-3,2.5999999,
,,,168.89999807E-3,2.5599999,
,,,168.99999976E-3,2.5999999,
,,,169.10000145E-3,2.5599999,
,,,169.19998825E-3,2.5999999,
,,,169.29998994E-3,2.5200000,
,,,169.39999163E-3,2.5400000,
,,,169.49999332E-3,2.3799999,
,,,169.59999502E-3,2.5400000,
,,,169.69999671E-3,2.6399999,
,,,169.79999840E-3,2.5799999,
,,,169.90000010E-3,2.6199999,
,,,170.00000179E-3,2.5400000,
,,,170.09998858E-3,2.5200000,
,,,170.19999027E-3,2.6399999,
,,,170.29999197E-3,2.5200000,
,,,170.39999366E-3,2.5999999,
,,,170.49999535E-3,2.5599999,
,,,170.59999704E-3,2.5599999,
,,,170.69999874E-3,2.5799999,
,,,170.80000043E-3,2.5200000,
,,,170.90000212E-3,2.5999999,
,,,170.99998891E-3,2.5400000,
,,,171.09999061E-3,2.5999999,
,,,171.19999230E-3,2.5000000,
,,,171.29999399E-3,2.5200000,
,,,171.39999568E-3,2.4800000,
,,,171.49999738E-3,2.5200000,
,,,171.59999907E-3,2.6399999,
,,,171.70000076E-3,2.4800000,
,,,171.80000246E-3,2.5599999,
,,,171.89998925E-3,2.4800000,
,,,171.99999094E-3,2.5599999,
,,,172.09999263E-3,2.6399999,
,,,172.19999433E-3,2.5200000,
,,,172.29999602E-3,2.5999999,
,,,172.39999771E-3,2.4800000,
,,,172.49999940E-3,2.5599999,
,,,172.60000110E-3,2.5999999,
,,,172.70000279E-3,2.5400000,
,,,172.79998958E-3,2.5799999,
,,,172.89999127E-3,2.5200000,
,,,172.99999297E-3,2.5599999,
,,,173.09999466E-3,2.5200000,
,,,173.19999635E-3,2.5400000,
,,,173.29999804E-3,2.4400001,
,,,173.39999974E-3,2.5200000,
,,,173.50000143E-3,2.5599999,
,,,173.59998822E-3,2.5599999,
,,,173.69998991E-3,2.5400000,
,,,173.79999161E-3,2.5400000,
,,,173.89999330E-3,2.4800000,
,,,173.99999499E-3,2.5599999,
,,,174.09999669E-3,2.5000000,
,,,174.19999838E-3,2.5999999,
,,,174.30000007E-3,2.5799999,
,,,174.40000176E-3,2.5200000,
,,,174.49998856E-3,2.5999999,
,,,174.59999025E-3,2.4800000,
,,,174.69999194E-3,2.6199999,
,,,174.79999363E-3,2.5000000,
,,,174.89999533E-3,2.6399999,
,,,174.99999702E-3,2.5599999,
,,,175.09999871E-3,2.5400000,
,,,175.20000041E-3,2.4800000,
,,,175.30000210E-3,2.5400000,
,,,175.39998889E-3,2.5599999,
,,,175.49999058E-3,2.4800000,
,,,175.59999228E-3,2.5599999,
,,,175.69999397E-3,2.4800000,
,,,175.79999566E-3,2.5200000,
,,,175.89999735E-3,2.4800000,
,,,175.99999905E-3,2.5599999,
,,,176.10000074E-3,2.5599999,
,,,176.20000243E-3,2.5200000,
,,,176.29998922E-3,2.5400000,
,,,176.39999092E-3,2.5400000,
,,,176.49999261E-3,2.5200000,
,,,176.59999430E-3,2.5799999,
,,,176.69999599E-3,2.5599999,
,,,176.79999769E-3,2.5799999,
,,,176.89999938E-3,2.5599999,
,,,177.00000107E-3,2.5599999,
,,,177.10000277E-3,2.5200000,
,,,177.19998956E-3,2.5200000,
,,,177.29999125E-3,2.5799999,
,,,177.39999294E-3,2.5200000,
,,,177.49999464E-3,2.5599999,
,,,177.59999633E-3,2.5000000,
,,,177.69999802E-3,2.5599999,
,,,177.79999971E-3,2.4600000,
,,,177.90000141E-3,2.4800000,
,,,177.99998820E-3,2.5799999,
,,,178.09998989E-3,2.5200000,
,,,178.19999158E-3,2.5599999,
,,,178.29999328E-3,2.5599999,
,,,178.39999497E-3,2.5599999,
,,,178.49999666E-3,2.5999999,
,,,178.59999835E-3,2.5200000,
,,,178.70000005E-3,2.5999999,
,,,178.80000174E-3,2.5599999,
,,,178.89998853E-3,2.5400000,
,,,178.99999022E-3,2.5799999,
,,,179.09999192E-3,2.5200000,
,,,179.19999361E-3,2.5999999,
,,,179.29999530E-3,2.5000000,
,,,179.39999700E-3,2.6599998,
,,,179.49999869E-3,2.5000000,
,,,179.60000038E-3,2.5400000,
,,,179.70000207E-3,2.3999999,
,,,179.79998887E-3,2.4800000,
,,,179.89999056E-3,2.5799999,
,,,179.99999225E-3,2.5400000,
,,,180.09999394E-3,2.5400000,
,,,180.19999564E-3,2.5200000,
,,,180.29999733E-3,2.5599999,
,,,180.39999902E-3,2.5799999,
,,,180.50000072E-3,2.5400000,
,,,180.60000241E-3,2.5200000,
,,,180.69998920E-3,2.5599999,
,,,180.79999089E-3,2.5599999,
,,,180.89999259E-3,2.5599999,
,,,180.99999428E-3,2.5599999,
,,,181.09999597E-3,2.5400000,
,,,181.19999766E-3,2.5799999,
,,,181.29999936E-3,2.5799999,
,,,181.40000105E-3,2.5000000,
,,,181.50000274E-3,2.5200000,
,,,181.59998953E-3,2.4199998,
,,,181.69999123E-3,2.5400000,
,,,181.79999292E-3,2.5999999,
,,,181.89999461E-3,2.5599999,
,,,181.99999630E-3,2.5599999,
,,,182.09999800E-3,2.5599999,
,,,182.19999969E-3,2.4600000,
,,,182.30000138E-3,2.6399999,
,,,182.39998817E-3,2.5000000,
,,,182.49998987E-3,2.5799999,
,,,182.59999156E-3,2.5200000,
,,,182.69999325E-3,2.5799999,
,,,182.79999495E-3,2.6199999,
,,,182.89999664E-3,2.5400000,
,,,182.99999833E-3,2.5999999,
,,,183.10000002E-3,2.5599999,
,,,183.20000172E-3,2.6199999,
,,,183.29998851E-3,2.5000000,
,,,183.39999020E-3,2.5200000,
,,,183.49999189E-3,2.4199998,
,,,183.59999359E-3,2.5000000,
,,,183.69999528E-3,2.5599999,
,,,183.79999697E-3,2.4800000,
,,,183.89999866E-3,2.4800000,
,,,184.00000036E-3,2.4800000,
,,,184.10000205E-3,2.4800000,
,,,184.19998884E-3,2.5599999,
,,,184.29999053E-3,2.5000000,
,,,184.39999223E-3,2.5200000,
,,,184.49999392E-3,2.5000000,
,,,184.59999561E-3,2.5599999,
,,,184.69999731E-3,2.5400000,
,,,184.79999900E-3,2.5000000,
,,,184.90000069E-3,2.4800000,
,,,185.00000238E-3,2.5400000,
,,,185.09998918E-3,2.5599999,
,,,185.19999087E-3,2.5000000,
,,,185.29999256E-3,2.5000000,
,,,185.39999425E-3,2.4199998,
,,,185.49999595E-3,2.5400000,
,,,185.59999764E-3,2.5400000,
,,,185.69999933E-3,2.5000000,
,,,185.80000103E-3,2.5799999,
,,,185.89998782E-3,2.5200000,
,,,185.99998951E-3,2.5400000,
,,,186.09999120E-3,2.5400000,
,,,186.19999290E-3,2.4800000,
,,,186.29999459E-3,2.5999999,
,,,186.39999628E-3,2.5200000,
,,,186.49999797E-3,2.5599999,
,,,186.59999967E-3,2.5999999,
,,,186.70000136E-3,2.5200000,
,,,186.79998815E-3,2.5599999,
,,,186.89998984E-3,2.5200000,
,,,186.99999154E-3,2.5599999,
,,,187.09999323E-3,2.5200000,
,,,187.19999492E-3,2.6399999,
,,,187.29999661E-3,2.4800000,
,,,187.39999831E-3,2.4800000,
,,,187.50000000E-3,2.5799999,
,,,187.60000169E-3,2.5400000,
,,,187.69998848E-3,2.5799999,
,,,187.79999018E-3,2.5200000,
,,,187.89999187E-3,2.5400000,
,,,187.99999356E-3,2.4600000,
,,,188.09999526E-3,2.5000000,
,,,188.19999695E-3,2.5599999,
,,,188.29999864E-3,2.5200000,
,,,188.40000033E-3,2.5400000,
,,,188.50000203E-3,2.5400000,
,,,188.59998882E-3,2.5000000,
,,,188.69999051E-3,2.5400000,
,,,188.79999220E-3,2.5000000,
,,,188.89999390E-3,2.5999999,
,,,188.99999559E-3,2.5200000,
,,,189.09999728E-3,2.5599999,
,,,189.19999897E-3,2.5400000,
,,,189.30000067E-3,2.5000000,
,,,189.40000236E-3,2.5999999,
,,,189.49998915E-3,2.5200000,
,,,189.59999084E-3,2.6199999,
,,,189.69999254E-3,2.5200000,
,,,189.79999423E-3,2.5400000,
,,,189.89999592E-3,2.4800000,
,,,189.99999762E-3,2.5200000,
,,,190.09999931E-3,2.6199999,
,,,190.20000100E-3,2.5200000,
,,,190.29998779E-3,2.5599999,
,,,190.39998949E-3,2.5599999,
,,,190.49999118E-3,2.5400000,
,,,190.59999287E-3,2.6599998,
,,,190.69999456E-3,2.5000000,
,,,190.79999626E-3,2.5999999,
,,,190.89999795E-3,2.5599999,
,,,190.99999964E-3,2.5799999,
,,,191.10000134E-3,2.5000000,
,,,191.19998813E-3,2.5400000,
,,,191.29998982E-3,2.5799999,
,,,191.39999151E-3,2.5400000,
,,,191.49999321E-3,2.6399999,
,,,191.59999490E-3,2.4800000,
,,,191.69999659E-3,2.5000000,
,,,191.79999828E-3,2.4199998,
,,,191.89999998E-3,2.5200000,
,,,192.00000167E-3,2.5400000,
,,,192.09998846E-3,2.5400000,
,,,192.19999015E-3,2.5599999,
,,,192.29999185E-3,2.5999999,
,,,192.39999354E-3,2.5000000,
,,,192.49999523E-3,2.6199999,
,,,192.59999692E-3,2.5400000,
,,,192.69999862E-3,2.5799999,
,,,192.80000031E-3,2.5599999,
,,,192.90000200E-3,2.5400000,
,,,192.99998879E-3,2.5000000,
,,,193.09999049E-3,2.5400000,
,,,193.19999218E-3,2.5999999,
,,,193.29999387E-3,2.5000000,
,,,193.39999557E-3,2.5799999,
,,,193.49999726E-3,2.4800000,
,,,193.59999895E-3,2.4800000,
,,,193.70000064E-3,2.4800000,
,,,193.80000234E-3,2.5000000,
,,,193.89998913E-3,2.5799999,
,,,193.99999082E-3,2.5000000,
,,,194.09999251E-3,2.5599999,
,,,194.19999421E-3,2.5400000,
,,,194.29999590E-3,2.5200000,
,,,194.39999759E-3,2.5799999,
,,,194.49999928E-3,2.5599999,
,,,194.60000098E-3,2.5999999,
,,,194.69998777E-3,2.5599999,
,,,194.79998946E-3,2.5599999,
,,,194.89999115E-3,2.5599999,
,,,194.99999285E-3,2.5799999,
,,,195.09999454E-3,2.5400000,
,,,195.19999623E-3,2.6199999,
,,,195.29999793E-3,2.5400000,
,,,195.39999962E-3,2.5000000,
,,,195.50000131E-3,2.5200000,
,,,195.59998810E-3,2.3599999,
,,,195.69998980E-3,2.5000000,
,,,195.79999149E-3,2.5599999,
,,,195.89999318E-3,2.5400000,
,,,195.99999487E-3,2.5200000,
,,,196.09999657E-3,2.5200000,
,,,196.19999826E-3,2.4800000,
,,,196.29999995E-3,2.5799999,
,,,196.40000165E-3,2.5200000,
,,,196.49998844E-3,2.5799999,
,,,196.59999013E-3,2.5400000,
,,,196.69999182E-3,2.5400000,
,,,196.79999352E-3,2.6399999,
,,,196.89999521E-3,2.5400000,
,,,196.99999690E-3,2.5799999,
,,,197.09999859E-3,2.5200000,
,,,197.20000029E-3,2.5599999,
,,,197.30000198E-3,2.5200000,
,,,197.39998877E-3,2.5000000,
,,,197.49999046E-3,2.4400001,
,,,197.59999216E-3,2.5400000,
,,,197.69999385E-3,2.6199999,
,,,197.79999554E-3,2.4800000,
,,,197.89999723E-3,2.5799999,
,,,197.99999893E-3,2.5000000,
,,,198.10000062E-3,2.5200000,
,,,198.20000231E-3,2.6399999,
,,,198.29998910E-3,2.5400000,
,,,198.39999080E-3,2.5799999,
,,,198.49999249E-3,2.5799999,
,,,198.59999418E-3,2.5999999,
,,,198.69999588E-3,2.5799999,
,,,198.79999757E-3,2.5599999,
,,,198.89999926E-3,2.5999999,
,,,199.00000095E-3,2.5200000,
,,,199.09998775E-3,2.5599999,
,,,199.19998944E-3,2.5400000,
,,,199.29999113E-3,2.5599999,
,,,199.39999282E-3,2.4199998,
,,,199.49999452E-3,2.5400000,
,,,199.59999621E-3,2.5999999,
,,,199.69999790E-3,2.5200000,
,,,199.79999959E-3,2.5400000,
,,,199.90000129E-3,2.5200000,
,,,199.99998808E-3,2.5000000,
,,,200.09998977E-3,2.6599998,
,,,200.19999146E-3,2.4800000,
,,,200.29999316E-3,2.6199999,
,,,200.39999485E-3,2.5400000,
,,,200.49999654E-3,2.5599999,
,,,200.59999824E-3,2.5799999,
,,,200.69999993E-3,2.4800000,
,,,200.80000162E-3,2.5599999,
,,,200.89998841E-3,2.5200000,
,,,200.99999011E-3,2.5999999,
,,,201.09999180E-3,2.5200000,
,,,201.19999349E-3,2.5400000,
,,,201.29999518E-3,2.4400001,
,,,201.39999688E-3,2.5200000,
,,,201.49999857E-3,2.5799999,
,,,201.60000026E-3,2.5599999,
,,,201.70000196E-3,2.6199999,
,,,201.79998875E-3,2.5200000,
,,,201.89999044E-3,2.5400000,
,,,201.99999213E-3,2.5400000,
,,,202.09999382E-3,2.5599999,
,,,202.19999552E-3,2.6199999,
,,,202.29999721E-3,2.5599999,
,,,202.39999890E-3,2.6199999,
,,,202.50000060E-3,2.5999999,
,,,202.59998739E-3,2.5400000,
,,,202.69998908E-3,2.6199999,
,,,202.79999077E-3,2.5599999,
,,,202.89999247E-3,2.5999999,
,,,202.99999416E-3,2.5599999,
,,,203.09999585E-3,2.5799999,
,,,203.19999754E-3,2.5400000,
,,,203.29999924E-3,2.5599999,
,,,203.40000093E-3,2.6199999,
,,,203.49998772E-3,2.5400000,
,,,203.59998941E-3,2.5400000,
,,,203.69999111E-3,2.5200000,
,,,203.79999280E-3,2.5400000,
,,,203.89999449E-3,2.4600000,
,,,203.99999619E-3,2.5000000,
,,,204.09999788E-3,2.5599999,
,,,204.19999957E-3,2.4800000,
,,,204.30000126E-3,2.4800000,
,,,204.39998806E-3,2.5599999,
,,,204.49998975E-3,2.4800000,
,,,204.59999144E-3,2.5999999,
,,,204.69999313E-3,2.4800000,
,,,204.79999483E-3,2.5400000,
,,,204.89999652E-3,2.5200000,
,,,204.99999821E-3,2.5000000,
,,,205.09999990E-3,2.5599999,
,,,205.20000160E-3,2.5200000,
,,,205.29998839E-3,2.5799999,
,,,205.39999008E-3,2.5200000,
,,,205.49999177E-3,2.5799999,
,,,205.59999347E-3,2.5200000,
,,,205.69999516E-3,2.5200000,
,,,205.79999685E-3,2.3799999,
,,,205.89999855E-3,2.5400000,
,,,206.00000024E-3,2.5599999,
,,,206.10000193E-3,2.5200000,
,,,206.19998872E-3,2.5599999,
,,,206.29999042E-3,2.5200000,
,,,206.39999211E-3,2.5799999,
,,,206.49999380E-3,2.6199999,
,,,206.59999549E-3,2.5000000,
,,,206.69999719E-3,2.5799999,
,,,206.79999888E-3,2.5799999,
,,,206.90000057E-3,2.5999999,
,,,206.99998736E-3,2.5799999,
,,,207.09998906E-3,2.5599999,
,,,207.19999075E-3,2.5799999,
,,,207.29999244E-3,2.5400000,
,,,207.39999413E-3,2.5799999,
,,,207.49999583E-3,2.5400000,
,,,207.59999752E-3,2.5200000,
,,,207.69999921E-3,2.4600000,
,,,207.80000091E-3,2.5000000,
,,,207.89998770E-3,2.5799999,
,,,207.99998939E-3,2.5400000,
,,,208.09999108E-3,2.5799999,
,,,208.19999278E-3,2.4800000,
,,,208.29999447E-3,2.4800000,
,,,208.39999616E-3,2.6199999,
,,,208.49999785E-3,2.5000000,
,,,208.59999955E-3,2.5799999,
,,,208.70000124E-3,2.5599999,
,,,208.79998803E-3,2.5999999,
,,,208.89998972E-3,2.5599999,
,,,208.99999142E-3,2.5200000,
,,,209.09999311E-3,2.5799999,
,,,209.19999480E-3,2.5000000,
,,,209.29999650E-3,2.6199999,
,,,209.39999819E-3,2.5200000,
,,,209.49999988E-3,2.5200000,
,,,209.60000157E-3,2.4600000,
,,,209.69998837E-3,2.5599999,
,,,209.79999006E-3,2.6399999,
,,,209.89999175E-3,2.5799999,
,,,209.99999344E-3,2.5599999,
,,,210.09999514E-3,2.5200000,
,,,210.19999683E-3,2.5599999,
,,,210.29999852E-3,2.5000000,
,,,210.40000021E-3,2.5000000,
,,,210.50000191E-3,2.5799999,
,,,210.59998870E-3,2.5799999,
,,,210.69999039E-3,2.5599999,
,,,210.79999208E-3,2.5999999,
,,,210.89999378E-3,2.5000000,
,,,210.99999547E-3,2.5999999,
,,,211.09999716E-3,2.5200000,
,,,211.19999886E-3,2.5799999,
,,,211.30000055E-3,2.5799999,
,,,211.39998734E-3,2.5599999,
,,,211.49998903E-3,2.5599999,
,,,211.59999073E-3,2.5400000,
,,,211.69999242E-3,2.5999999,
,,,211.79999411E-3,2.5000000,
,,,211.89999580E-3,2.5599999,
,,,211.99999750E-3,2.4800000,
,,,212.09999919E-3,2.5200000,
,,,212.20000088E-3,2.4800000,
,,,212.29998767E-3,2.5000000,
,,,212.39998937E-3,2.5799999,
,,,212.49999106E-3,2.4800000,
,,,212.59999275E-3,2.5999999,
,,,212.69999444E-3,2.5200000,
,,,212.79999614E-3,2.5000000,
,,,212.89999783E-3,2.5599999,
,,,212.99999952E-3,2.5200000,
,,,213.10000122E-3,2.5799999,
,,,213.19998801E-3,2.5000000,
,,,213.29998970E-3,2.5200000,
,,,213.39999139E-3,2.5200000,
,,,213.49999309E-3,2.5200000,
,,,213.59999478E-3,2.5999999,
,,,213.69999647E-3,2.5400000,
,,,213.79999816E-3,2.5400000,
,,,213.89999986E-3,2.5000000,
,,,214.00000155E-3,2.5599999,
,,,214.09998834E-3,2.3999999,
,,,214.19999003E-3,2.5599999,
,,,214.29999173E-3,2.5599999,
,,,214.39999342E-3,2.5000000,
,,,214.49999511E-3,2.5599999,
,,,214.59999681E-3,2.5599999,
,,,214.69999850E-3,2.5000000,
,,,214.80000019E-3,2.5999999,
,,,214.90000188E-3,2.5599999,
,,,214.99998868E-3,2.5999999,
,,,215.09999037E-3,2.5400000,
,,,215.19999206E-3,2.5400000,
,,,215.29999375E-3,2.5999999,
,,,215.39999545E-3,2.5200000,
,,,215.49999714E-3,2.5799999,
,,,215.59999883E-3,2.4800000,
,,,215.70000052E-3,2.5599999,
,,,215.79998732E-3,2.4800000,
,,,215.89998901E-3,2.4800000,
,,,215.99999070E-3,2.3999999,
,,,216.09999239E-3,2.5200000,
,,,216.19999409E-3,2.5999999,
,,,216.29999578E-3,2.4800000,
,,,216.39999747E-3,2.5400000,
,,,216.49999917E-3,2.5200000,
,,,216.60000086E-3,2.5799999,
,,,216.69998765E-3,2.6399999,
,,,216.79998934E-3,2.5200000,
,,,216.89999104E-3,2.5599999,
,,,216.99999273E-3,2.5000000,
,,,217.09999442E-3,2.5799999,
,,,217.19999611E-3,2.5599999,
,,,217.29999781E-3,2.5400000,
,,,217.39999950E-3,2.5599999,
,,,217.50000119E-3,2.5000000,
,,,217.59998798E-3,2.6199999,
,,,217.69998968E-3,2.5999999,
,,,217.79999137E-3,2.5799999,
,,,217.89999306E-3,2.4199998,
,,,217.99999475E-3,2.5400000,
,,,218.09999645E-3,2.5599999,
,,,218.19999814E-3,2.5400000,
,,,218.29999983E-3,2.5200000,
,,,218.40000153E-3,2.5400000,
,,,218.49998832E-3,2.5200000,
,,,218.59999001E-3,2.5799999,
,,,218.69999170E-3,2.5000000,
,,,218.79999340E-3,2.6199999,
,,,218.89999509E-3,2.5200000,
,,,218.99999678E-3,2.5799999,
,,,219.09999847E-3,2.5999999,
,,,219.20000017E-3,2.5400000,
,,,219.29998696E-3,2.6399999,
,,,219.39998865E-3,2.5400000,
,,,219.49999034E-3,2.5999999,
,,,219.59999204E-3,2.5599999,
,,,219.69999373E-3,2.5400000,
,,,219.79999542E-3,2.4600000,
,,,219.89999712E-3,2.4800000,
